cp_id,trans_x,trans_y,rot,deformation
0,0.2,0.0,-0.5235987755982988,0.01872362588581286
0,0.2,0.0,-0.7853981633974483,0.02811710458052786
0,0.2,0.0,-1.0471975511965976,0.06668875719371595
0,0.19318516525781368,0.05176380902050415,-0.5235987755982988,0.011737978772113198
0,0.19318516525781368,0.05176380902050415,-0.7853981633974483,0.02202055956188001
0,0.19318516525781368,0.05176380902050415,-0.2617993877991494,0.06284949654027035
0,0.17320508075688776,0.09999999999999999,-0.5235987755982988,0.0033010224762715793
0,0.17320508075688776,0.09999999999999999,-0.7853981633974483,0.02617038551129793
0,0.17320508075688776,0.09999999999999999,-0.2617993877991494,0.048493651967299614
0,0.14142135623730953,0.1414213562373095,-0.5235987755982988,0.008817937813307109
0,0.14142135623730953,0.1414213562373095,-0.2617993877991494,0.028426945209503174
0,0.14142135623730953,0.1414213562373095,-0.7853981633974483,0.03540290656842684
0,0.10000000000000003,0.17320508075688773,-0.2617993877991494,0.00904414293013121
0,0.10000000000000003,0.17320508075688773,-0.5235987755982988,0.018419921398162842
0,0.10000000000000003,0.17320508075688773,-0.7853981633974483,0.05025641228023328
0,0.05176380902050415,0.19318516525781368,-0.2617993877991494,0.005002553525723909
0,0.05176380902050415,0.19318516525781368,0.0,0.030277001230340255
0,0.05176380902050415,0.19318516525781368,-0.5235987755982988,0.03116796518626966
0,1.2246467991473533e-17,0.2,0.0,0.009792683940184744
0,1.2246467991473533e-17,0.2,-0.2617993877991494,0.016252941206881876
0,1.2246467991473533e-17,0.2,-0.5235987755982988,0.05178681800239965
0,-0.051763809020504176,0.19318516525781368,0.0,0.0036625713109970093
0,-0.051763809020504176,0.19318516525781368,0.2617993877991494,0.02750369435862491
0,-0.051763809020504176,0.19318516525781368,-0.2617993877991494,0.0327795618458798
0,-0.09999999999999996,0.17320508075688776,0.2617993877991494,0.010990129489647714
0,-0.09999999999999996,0.17320508075688776,0.0,0.015645223228554977
0,-0.09999999999999996,0.17320508075688776,0.5235987755982988,0.04628280275746396
0,-0.1414213562373095,0.14142135623730953,0.2617993877991494,0.002746534974951493
0,-0.1414213562373095,0.14142135623730953,0.5235987755982988,0.026905028443587452
0,-0.1414213562373095,0.14142135623730953,0.0,0.035033433060897026
0,-0.17320508075688776,0.09999999999999999,0.2617993877991494,0.014152514307122482
0,-0.17320508075688776,0.09999999999999999,0.5235987755982988,0.014156725845838847
0,-0.17320508075688776,0.09999999999999999,0.7853981633974483,0.04842232403002287
0,-0.19318516525781365,0.0517638090205042,0.5235987755982988,0.004654682388431148
0,-0.19318516525781365,0.0517638090205042,0.2617993877991494,0.03219968394229287
0,-0.19318516525781365,0.0517638090205042,0.7853981633974483,0.03418298771506861
0,-0.2,2.4492935982947065e-17,0.5235987755982988,0.006761560314580014
0,-0.2,2.4492935982947065e-17,0.7853981633974483,0.0244142726848
0,-0.2,2.4492935982947065e-17,0.2617993877991494,0.05008178635647422
1,0.2,0.0,-0.5235987755982988,0.012276878482417056
1,0.2,0.0,-0.7853981633974483,0.01810772795426218
1,0.2,0.0,-1.0471975511965976,0.05461020218698602
1,0.19318516525781368,0.05176380902050415,-0.5235987755982988,0.004660150330317647
1,0.19318516525781368,0.05176380902050415,-0.7853981633974483,0.02178498632029483
1,0.19318516525781368,0.05176380902050415,-0.2617993877991494,0.046309361332341245
1,0.17320508075688776,0.09999999999999999,-0.5235987755982988,0.0070975877736744125
1,0.17320508075688776,0.09999999999999999,-0.2617993877991494,0.026886265528829473
1,0.17320508075688776,0.09999999999999999,-0.7853981633974483,0.029080027028133993
1,0.14142135623730953,0.1414213562373095,-0.2617993877991494,0.008634121794449655
1,0.14142135623730953,0.1414213562373095,-0.5235987755982988,0.015068998462275454
1,0.14142135623730953,0.1414213562373095,-0.7853981633974483,0.040863978235345134
1,0.10000000000000003,0.17320508075688773,-0.2617993877991494,0.004086926187339582
1,0.10000000000000003,0.17320508075688773,-0.5235987755982988,0.023794745144091155
1,0.10000000000000003,0.17320508075688773,0.0,0.026995382810893812
1,0.05176380902050415,0.19318516525781368,0.0,0.010625961579774556
1,0.05176380902050415,0.19318516525781368,-0.2617993877991494,0.01145022009548388
1,0.05176380902050415,0.19318516525781368,-0.5235987755982988,0.03933432227686832
1,1.2246467991473533e-17,0.2,0.0,0.0036240212227168834
1,1.2246467991473533e-17,0.2,-0.2617993877991494,0.022435621211403294
1,1.2246467991473533e-17,0.2,0.2617993877991494,0.024177883800707366
1,-0.051763809020504176,0.19318516525781368,0.0,0.009267364677629973
1,-0.051763809020504176,0.19318516525781368,0.2617993877991494,0.012372467078660665
1,-0.051763809020504176,0.19318516525781368,0.5235987755982988,0.04167862001218294
1,-0.09999999999999996,0.17320508075688776,0.2617993877991494,0.004947214534408168
1,-0.09999999999999996,0.17320508075688776,0.5235987755982988,0.025244872821004766
1,-0.09999999999999996,0.17320508075688776,0.0,0.025675469323208456
1,-0.1414213562373095,0.14142135623730953,0.2617993877991494,0.007199087425282127
1,-0.1414213562373095,0.14142135623730953,0.5235987755982988,0.015775103318063838
1,-0.1414213562373095,0.14142135623730953,0.7853981633974483,0.04260537185167011
1,-0.17320508075688776,0.09999999999999999,0.5235987755982988,0.007926831119938901
1,-0.17320508075688776,0.09999999999999999,0.2617993877991494,0.025535809366326583
1,-0.17320508075688776,0.09999999999999999,0.7853981633974483,0.030576555352461964
1,-0.19318516525781365,0.0517638090205042,0.5235987755982988,0.0039172666637521045
1,-0.19318516525781365,0.0517638090205042,0.7853981633974483,0.02251980179234555
1,-0.19318516525781365,0.0517638090205042,0.2617993877991494,0.044436097145080566
1,-0.2,2.4492935982947065e-17,0.5235987755982988,0.011577566203318145
1,-0.2,2.4492935982947065e-17,0.7853981633974483,0.01820839706220125
1,-0.2,2.4492935982947065e-17,1.0471975511965976,0.05470152277695505
2,0.2,0.0,-0.5235987755982988,0.006118914406550558
2,0.2,0.0,-0.7853981633974483,0.02285301214770267
2,0.2,0.0,-0.2617993877991494,0.05061646825388858
2,0.19318516525781368,0.05176380902050415,-0.5235987755982988,0.004684229430399443
2,0.19318516525781368,0.05176380902050415,-0.2617993877991494,0.03153960328353079
2,0.19318516525781368,0.05176380902050415,-0.7853981633974483,0.031712127359289875
2,0.17320508075688776,0.09999999999999999,-0.5235987755982988,0.013466789534217432
2,0.17320508075688776,0.09999999999999999,-0.2617993877991494,0.013630005874131856
2,0.17320508075688776,0.09999999999999999,-0.7853981633974483,0.04513758420944214
2,0.14142135623730953,0.1414213562373095,-0.2617993877991494,0.0026964588384879263
2,0.14142135623730953,0.1414213562373095,-0.5235987755982988,0.024505304662804855
2,0.14142135623730953,0.1414213562373095,0.0,0.03408987898575632
2,0.10000000000000003,0.17320508075688773,-0.2617993877991494,0.00964356331448806
2,0.10000000000000003,0.17320508075688773,0.0,0.015345761650486997
2,0.10000000000000003,0.17320508075688773,-0.5235987755982988,0.043237648512187754
2,0.05176380902050415,0.19318516525781368,0.0,0.004179021637690694
2,0.05176380902050415,0.19318516525781368,-0.2617993877991494,0.024105169271167955
2,0.05176380902050415,0.19318516525781368,0.2617993877991494,0.03205422037526181
2,1.2246467991473533e-17,0.2,0.0,0.00767473954903452
2,1.2246467991473533e-17,0.2,0.2617993877991494,0.016164313805730718
2,1.2246467991473533e-17,0.2,-0.2617993877991494,0.04848018445466694
2,-0.051763809020504176,0.19318516525781368,0.2617993877991494,0.0061592130284560355
2,-0.051763809020504176,0.19318516525781368,0.0,0.027004988569962352
2,-0.051763809020504176,0.19318516525781368,0.5235987755982988,0.03137923541821932
2,-0.09999999999999996,0.17320508075688776,0.2617993877991494,0.006750212688195078
2,-0.09999999999999996,0.17320508075688776,0.5235987755982988,0.019203822863729375
2,-0.09999999999999996,0.17320508075688776,0.7853981633974483,0.05003414969695242
2,-0.1414213562373095,0.14142135623730953,0.5235987755982988,0.009898993529771504
2,-0.1414213562373095,0.14142135623730953,0.2617993877991494,0.02579933561776814
2,-0.1414213562373095,0.14142135623730953,0.7853981633974483,0.03493058054070724
2,-0.17320508075688776,0.09999999999999999,0.5235987755982988,0.0031006363661665666
2,-0.17320508075688776,0.09999999999999999,0.7853981633974483,0.025831395073940878
2,-0.17320508075688776,0.09999999999999999,0.2617993877991494,0.04581219585318314
2,-0.19318516525781365,0.0517638090205042,0.5235987755982988,0.010598852446204737
2,-0.19318516525781365,0.0517638090205042,0.7853981633974483,0.021295512977399324
2,-0.19318516525781365,0.0517638090205042,1.0471975511965976,0.06040015973542866
2,-0.2,2.4492935982947065e-17,0.5235987755982988,0.018062735858716462
2,-0.2,2.4492935982947065e-17,0.7853981633974483,0.02728110865542763
2,-0.2,2.4492935982947065e-17,1.0471975511965976,0.06299052740398206
3,0.2,0.0,-0.7853981633974483,0.051708535144203586
3,0.2,0.0,-1.0471975511965976,0.07234020609604686
3,0.2,0.0,-0.5235987755982988,0.08012416488245915
3,0.19318516525781368,0.05176380902050415,-0.7853981633974483,0.04141323817403693
3,0.19318516525781368,0.05176380902050415,-0.5235987755982988,0.05841189936587685
3,0.19318516525781368,0.05176380902050415,-1.0471975511965976,0.06259237465105559
3,0.17320508075688776,0.09999999999999999,-0.7853981633974483,0.024753278807589884
3,0.17320508075688776,0.09999999999999999,-0.5235987755982988,0.03630488169820685
3,0.17320508075688776,0.09999999999999999,-1.0471975511965976,0.05563551501223916
3,0.14142135623730953,0.1414213562373095,-0.7853981633974483,0.01756361754317033
3,0.14142135623730953,0.1414213562373095,-0.5235987755982988,0.01771053201273868
3,0.14142135623730953,0.1414213562373095,-1.0471975511965976,0.05531488594255949
3,0.10000000000000003,0.17320508075688773,-0.5235987755982988,0.011467491325579192
3,0.10000000000000003,0.17320508075688773,-0.7853981633974483,0.019102291056984348
3,0.10000000000000003,0.17320508075688773,-1.0471975511965976,0.05636047062120939
3,0.05176380902050415,0.19318516525781368,-0.5235987755982988,0.0034618707079636423
3,0.05176380902050415,0.19318516525781368,-0.7853981633974483,0.026028902907120555
3,0.05176380902050415,0.19318516525781368,-0.2617993877991494,0.03836523859124435
3,1.2246467991473533e-17,0.2,-0.5235987755982988,0.009541378209465429
3,1.2246467991473533e-17,0.2,-0.2617993877991494,0.0164082175806949
3,1.2246467991473533e-17,0.2,-0.7853981633974483,0.03827172204067832
3,-0.051763809020504176,0.19318516525781368,-0.2617993877991494,0.004072844197875575
3,-0.051763809020504176,0.19318516525781368,-0.5235987755982988,0.020902690134550397
3,-0.051763809020504176,0.19318516525781368,0.0,0.036364385956212095
3,-0.09999999999999996,0.17320508075688776,-0.2617993877991494,0.008317357615420693
3,-0.09999999999999996,0.17320508075688776,0.0,0.014471408567930522
3,-0.09999999999999996,0.17320508075688776,-0.5235987755982988,0.03768838079352128
3,-0.1414213562373095,0.14142135623730953,0.0,0.004289013774771439
3,-0.1414213562373095,0.14142135623730953,-0.2617993877991494,0.02165644419820685
3,-0.1414213562373095,0.14142135623730953,0.2617993877991494,0.02981032509552805
3,-0.17320508075688776,0.09999999999999999,0.0,0.008400754708992807
3,-0.17320508075688776,0.09999999999999999,0.2617993877991494,0.013215061865354838
3,-0.17320508075688776,0.09999999999999999,-0.2617993877991494,0.04233384759802567
3,-0.19318516525781365,0.0517638090205042,0.2617993877991494,0.004487967412722738
3,-0.19318516525781365,0.0517638090205042,0.5235987755982988,0.025412975173247487
3,-0.19318516525781365,0.0517638090205042,0.0,0.025584136184893157
3,-0.2,2.4492935982947065e-17,0.2617993877991494,0.008978174705254404
3,-0.2,2.4492935982947065e-17,0.5235987755982988,0.013035590711392854
3,-0.2,2.4492935982947065e-17,0.7853981633974483,0.04041061903301038
4,0.2,0.0,-0.7853981633974483,0.012427648431376406
4,0.2,0.0,-0.5235987755982988,0.015839212819149618
4,0.2,0.0,-1.0471975511965976,0.02270080384455229
4,0.19318516525781368,0.05176380902050415,-0.7853981633974483,0.0052148433108078806
4,0.19318516525781368,0.05176380902050415,-0.5235987755982988,0.007636923539011102
4,0.19318516525781368,0.05176380902050415,-1.0471975511965976,0.02052290031784459
4,0.17320508075688776,0.09999999999999999,-0.5235987755982988,0.0030110360760437814
4,0.17320508075688776,0.09999999999999999,-0.7853981633974483,0.00844317753064005
4,0.17320508075688776,0.09999999999999999,-0.2617993877991494,0.015609480832752428
4,0.14142135623730953,0.1414213562373095,-0.5235987755982988,0.004881648640883596
4,0.14142135623730953,0.1414213562373095,-0.2617993877991494,0.005024528032854984
4,0.14142135623730953,0.1414213562373095,-0.7853981633974483,0.012730314543372706
4,0.10000000000000003,0.17320508075688773,-0.2617993877991494,0.0027568381475774864
4,0.10000000000000003,0.17320508075688773,-0.5235987755982988,0.008082441593471327
4,0.10000000000000003,0.17320508075688773,0.0,0.008952805086186058
4,0.05176380902050415,0.19318516525781368,0.0,0.004222593025157326
4,0.05176380902050415,0.19318516525781368,-0.2617993877991494,0.004547071692190673
4,0.05176380902050415,0.19318516525781368,-0.5235987755982988,0.01242028882628993
4,1.2246467991473533e-17,0.2,0.0,0.0025368003468764456
4,1.2246467991473533e-17,0.2,-0.2617993877991494,0.0074394988386254565
4,1.2246467991473533e-17,0.2,0.2617993877991494,0.008386605664303428
4,-0.051763809020504176,0.19318516525781368,0.0,0.0037844757500447726
4,-0.051763809020504176,0.19318516525781368,0.2617993877991494,0.005197637959530479
4,-0.051763809020504176,0.19318516525781368,0.5235987755982988,0.012829310799899855
4,-0.09999999999999996,0.17320508075688776,0.2617993877991494,0.002882884913369229
4,-0.09999999999999996,0.17320508075688776,0.0,0.006908870057055825
4,-0.09999999999999996,0.17320508075688776,0.5235987755982988,0.00921277309718885
4,-0.1414213562373095,0.14142135623730953,0.2617993877991494,0.003570312732144406
4,-0.1414213562373095,0.14142135623730953,0.5235987755982988,0.005813438249261756
4,-0.1414213562373095,0.14142135623730953,0.7853981633974483,0.013669067307522422
4,-0.17320508075688776,0.09999999999999999,0.5235987755982988,0.0035438098405536854
4,-0.17320508075688776,0.09999999999999999,0.2617993877991494,0.00981515645980835
4,-0.17320508075688776,0.09999999999999999,0.7853981633974483,0.01026840743265654
4,-0.19318516525781365,0.0517638090205042,0.5235987755982988,0.0039428225473353735
4,-0.19318516525781365,0.0517638090205042,0.7853981633974483,0.006842824189286483
4,-0.19318516525781365,0.0517638090205042,1.0471975511965976,0.01779238644399141
4,-0.2,2.4492935982947065e-17,0.7853981633974483,0.005584207412443663
4,-0.2,2.4492935982947065e-17,0.5235987755982988,0.010809437224739477
4,-0.2,2.4492935982947065e-17,1.0471975511965976,0.019872552470157023
5,0.2,0.0,-0.2617993877991494,0.009270944877674705
5,0.2,0.0,-0.5235987755982988,0.011793106010085657
5,0.2,0.0,-0.7853981633974483,0.03689789144616378
5,0.19318516525781368,0.05176380902050415,-0.2617993877991494,0.004040175362637169
5,0.19318516525781368,0.05176380902050415,-0.5235987755982988,0.0214704902548539
5,0.19318516525781368,0.05176380902050415,0.0,0.025056782521699603
5,0.17320508075688776,0.09999999999999999,0.0,0.008048910843698602
5,0.17320508075688776,0.09999999999999999,-0.2617993877991494,0.011254122382716128
5,0.17320508075688776,0.09999999999999999,-0.5235987755982988,0.040587274651778374
5,0.14142135623730953,0.1414213562373095,0.0,0.003385602643615321
5,0.14142135623730953,0.1414213562373095,0.2617993877991494,0.021327329309363114
5,0.14142135623730953,0.1414213562373095,-0.2617993877991494,0.024751565958324232
5,0.10000000000000003,0.17320508075688773,0.2617993877991494,0.008366727515270836
5,0.10000000000000003,0.17320508075688773,0.0,0.01191648527195579
5,0.10000000000000003,0.17320508075688773,0.5235987755982988,0.03649881638978657
5,0.05176380902050415,0.19318516525781368,0.2617993877991494,0.003298633584850713
5,0.05176380902050415,0.19318516525781368,0.5235987755982988,0.019958737649415668
5,0.05176380902050415,0.19318516525781368,0.0,0.03201455818979364
5,1.2246467991473533e-17,0.2,0.5235987755982988,0.010018413788393923
5,1.2246467991473533e-17,0.2,0.2617993877991494,0.013419399135991147
5,1.2246467991473533e-17,0.2,0.7853981633974483,0.036219625096572075
5,-0.051763809020504176,0.19318516525781368,0.5235987755982988,0.0036882926758966946
5,-0.051763809020504176,0.19318516525781368,0.7853981633974483,0.024395020384537548
5,-0.051763809020504176,0.19318516525781368,0.2617993877991494,0.034755666004984004
5,-0.09999999999999996,0.17320508075688776,0.5235987755982988,0.00987609515064641
5,-0.09999999999999996,0.17320508075688776,0.7853981633974483,0.01852974766179135
5,-0.09999999999999996,0.17320508075688776,1.0471975511965976,0.052737763053492495
5,-0.1414213562373095,0.14142135623730953,0.5235987755982988,0.016710701741670306
5,-0.1414213562373095,0.14142135623730953,0.7853981633974483,0.016948185468974867
5,-0.1414213562373095,0.14142135623730953,1.0471975511965976,0.05115529110557154
5,-0.17320508075688776,0.09999999999999999,0.7853981633974483,0.02327472912637811
5,-0.17320508075688776,0.09999999999999999,0.5235987755982988,0.030480720494922838
5,-0.17320508075688776,0.09999999999999999,1.0471975511965976,0.05345576687862998
5,-0.19318516525781365,0.0517638090205042,0.7853981633974483,0.04030369771154303
5,-0.19318516525781365,0.0517638090205042,0.5235987755982988,0.05691805638765034
5,-0.19318516525781365,0.0517638090205042,1.0471975511965976,0.05935604321329217
5,-0.2,2.4492935982947065e-17,0.7853981633974483,0.05211998914417468
5,-0.2,2.4492935982947065e-17,0.5235987755982988,0.06122039493761564
5,-0.2,2.4492935982947065e-17,1.0471975511965976,0.06539842956944515
6,0.2,0.0,-0.5235987755982988,0.020582558293091625
6,0.2,0.0,-0.7853981633974483,0.027108641047226757
6,0.2,0.0,-1.0471975511965976,0.0653028362675717
6,0.19318516525781368,0.05176380902050415,-0.5235987755982988,0.013156930082722715
6,0.19318516525781368,0.05176380902050415,-0.7853981633974483,0.0208840432919954
6,0.19318516525781368,0.05176380902050415,-1.0471975511965976,0.06235875581440173
6,0.17320508075688776,0.09999999999999999,-0.5235987755982988,0.00430700261341898
6,0.17320508075688776,0.09999999999999999,-0.7853981633974483,0.024268683634306256
6,0.17320508075688776,0.09999999999999999,-0.2617993877991494,0.04869877037249113
6,0.14142135623730953,0.1414213562373095,-0.5235987755982988,0.007432186289837486
6,0.14142135623730953,0.1414213562373095,-0.2617993877991494,0.029521502946552477
6,0.14142135623730953,0.1414213562373095,-0.7853981633974483,0.03473647644645289
6,0.10000000000000003,0.17320508075688773,-0.2617993877991494,0.009854772373249656
6,0.10000000000000003,0.17320508075688773,-0.5235987755982988,0.017038657477027493
6,0.10000000000000003,0.17320508075688773,-0.7853981633974483,0.05019889379802503
6,0.05176380902050415,0.19318516525781368,-0.2617993877991494,0.004505259426016556
6,0.05176380902050415,0.19318516525781368,-0.5235987755982988,0.03034838877226177
6,0.05176380902050415,0.19318516525781368,0.0,0.03042043510236238
6,1.2246467991473533e-17,0.2,0.0,0.009972671144887021
6,1.2246467991473533e-17,0.2,-0.2617993877991494,0.015719518849724216
6,1.2246467991473533e-17,0.2,-0.5235987755982988,0.05058780155683819
6,-0.051763809020504176,0.19318516525781368,0.0,0.0035880333498904578
6,-0.051763809020504176,0.19318516525781368,0.2617993877991494,0.02692221340380217
6,-0.051763809020504176,0.19318516525781368,-0.2617993877991494,0.032674823936663176
6,-0.09999999999999996,0.17320508075688776,0.2617993877991494,0.010342679525676527
6,-0.09999999999999996,0.17320508075688776,0.0,0.01528651149649369
6,-0.09999999999999996,0.17320508075688776,0.5235987755982988,0.04506750169553255
6,-0.1414213562373095,0.14142135623730953,0.2617993877991494,0.003105866673745607
6,-0.1414213562373095,0.14142135623730953,0.5235987755982988,0.02550723050770007
6,-0.1414213562373095,0.14142135623730953,0.0,0.034564626844305744
6,-0.17320508075688776,0.09999999999999999,0.5235987755982988,0.012907528563549644
6,-0.17320508075688776,0.09999999999999999,0.2617993877991494,0.014780173176213315
6,-0.17320508075688776,0.09999999999999999,0.7853981633974483,0.045445109668530916
6,-0.19318516525781365,0.0517638090205042,0.5235987755982988,0.0037927572664461636
6,-0.19318516525781365,0.0517638090205042,0.7853981633974483,0.03150813203108938
6,-0.19318516525781365,0.0517638090205042,0.2617993877991494,0.03228503465652466
6,-0.2,2.4492935982947065e-17,0.5235987755982988,0.007157661412891589
6,-0.2,2.4492935982947065e-17,0.7853981633974483,0.021812142510163158
6,-0.2,2.4492935982947065e-17,0.2617993877991494,0.050048150514301504
7,0.2,0.0,-0.7853981633974483,0.014086161789141204
7,0.2,0.0,-0.5235987755982988,0.01408655235641881
7,0.2,0.0,-1.0471975511965976,0.050586731810318794
7,0.19318516525781368,0.05176380902050415,-0.5235987755982988,0.006439483871585445
7,0.19318516525781368,0.05176380902050415,-0.7853981633974483,0.017309201391119706
7,0.19318516525781368,0.05176380902050415,-0.2617993877991494,0.04735725176961798
7,0.17320508075688776,0.09999999999999999,-0.5235987755982988,0.004326168643800836
7,0.17320508075688776,0.09999999999999999,-0.7853981633974483,0.02448752993031552
7,0.17320508075688776,0.09999999999999999,-0.2617993877991494,0.028232706220526444
7,0.14142135623730953,0.1414213562373095,-0.2617993877991494,0.010728608620794196
7,0.14142135623730953,0.1414213562373095,-0.5235987755982988,0.012047308055978072
7,0.14142135623730953,0.1414213562373095,-0.7853981633974483,0.03721557165447034
7,0.10000000000000003,0.17320508075688773,-0.2617993877991494,0.0032245244242643054
7,0.10000000000000003,0.17320508075688773,-0.5235987755982988,0.020994038958298534
7,0.10000000000000003,0.17320508075688773,0.0,0.02896653037322195
7,0.05176380902050415,0.19318516525781368,-0.2617993877991494,0.010569067377793161
7,0.05176380902050415,0.19318516525781368,0.0,0.010988552319376092
7,0.05176380902050415,0.19318516525781368,-0.5235987755982988,0.03758816342604788
7,1.2246467991473533e-17,0.2,0.0,0.00306760206034309
7,1.2246467991473533e-17,0.2,-0.2617993877991494,0.022584297155079088
7,1.2246467991473533e-17,0.2,0.2617993877991494,0.023882246331164713
7,-0.051763809020504176,0.19318516525781368,0.0,0.009802611250626413
7,-0.051763809020504176,0.19318516525781368,0.2617993877991494,0.01121403041638826
7,-0.051763809020504176,0.19318516525781368,0.5235987755982988,0.03980947795667147
7,-0.09999999999999996,0.17320508075688776,0.2617993877991494,0.0035292851297478926
7,-0.09999999999999996,0.17320508075688776,0.5235987755982988,0.022550215846613833
7,-0.09999999999999996,0.17320508075688776,0.0,0.025433402312429326
7,-0.1414213562373095,0.14142135623730953,0.2617993877991494,0.009253560712462977
7,-0.1414213562373095,0.14142135623730953,0.5235987755982988,0.012924212374185262
7,-0.1414213562373095,0.14142135623730953,0.7853981633974483,0.03904534641065096
7,-0.17320508075688776,0.09999999999999999,0.5235987755982988,0.0051337872680864835
7,-0.17320508075688776,0.09999999999999999,0.7853981633974483,0.025563119273436696
7,-0.17320508075688776,0.09999999999999999,0.2617993877991494,0.025738291050258436
7,-0.19318516525781365,0.0517638090205042,0.5235987755982988,0.005700058058688515
7,-0.19318516525781365,0.0517638090205042,0.7853981633974483,0.01785874366760254
7,-0.19318516525781365,0.0517638090205042,0.2617993877991494,0.04536976312336169
7,-0.2,2.4492935982947065e-17,0.5235987755982988,0.013494181005578292
7,-0.2,2.4492935982947065e-17,0.7853981633974483,0.013947010040283203
7,-0.2,2.4492935982947065e-17,1.0471975511965976,0.050367035363849844
8,0.2,0.0,-0.5235987755982988,0.0063310681205046805
8,0.2,0.0,-0.7853981633974483,0.021818487267745167
8,0.2,0.0,-0.2617993877991494,0.04976373910903931
8,0.19318516525781368,0.05176380902050415,-0.5235987755982988,0.004036137147953636
8,0.19318516525781368,0.05176380902050415,-0.7853981633974483,0.029550310812498395
8,0.19318516525781368,0.05176380902050415,-0.2617993877991494,0.03157561703732139
8,0.17320508075688776,0.09999999999999999,-0.5235987755982988,0.012620865514403895
8,0.17320508075688776,0.09999999999999999,-0.2617993877991494,0.013747968171772203
8,0.17320508075688776,0.09999999999999999,-0.7853981633974483,0.042558723374416955
8,0.14142135623730953,0.1414213562373095,-0.2617993877991494,0.002919387660528484
8,0.14142135623730953,0.1414213562373095,-0.5235987755982988,0.023528751574064557
8,0.14142135623730953,0.1414213562373095,0.0,0.03483597228401586
8,0.10000000000000003,0.17320508075688773,-0.2617993877991494,0.009187814436460795
8,0.10000000000000003,0.17320508075688773,0.0,0.015490996210198654
8,0.10000000000000003,0.17320508075688773,-0.5235987755982988,0.041946583672573694
8,0.05176380902050415,0.19318516525781368,0.0,0.004042219958807293
8,0.05176380902050415,0.19318516525781368,-0.2617993877991494,0.0236539762271078
8,0.05176380902050415,0.19318516525781368,0.2617993877991494,0.03210316206279554
8,1.2246467991473533e-17,0.2,0.0,0.008163608218494215
8,1.2246467991473533e-17,0.2,0.2617993877991494,0.01582907375536467
8,1.2246467991473533e-17,0.2,-0.2617993877991494,0.04815682611967388
8,-0.051763809020504176,0.19318516525781368,0.2617993877991494,0.005552344416317187
8,-0.051763809020504176,0.19318516525781368,0.0,0.02693404649433337
8,-0.051763809020504176,0.19318516525781368,0.5235987755982988,0.03041990493473254
8,-0.09999999999999996,0.17320508075688776,0.2617993877991494,0.007811619262946279
8,-0.09999999999999996,0.17320508075688776,0.5235987755982988,0.017888346784993223
8,-0.09999999999999996,0.17320508075688776,0.7853981633974483,0.05019874321786981
8,-0.1414213562373095,0.14142135623730953,0.5235987755982988,0.008467129970851698
8,-0.1414213562373095,0.14142135623730953,0.2617993877991494,0.027041394459573848
8,-0.1414213562373095,0.14142135623730953,0.7853981633974483,0.03430694655368203
8,-0.17320508075688776,0.09999999999999999,0.5235987755982988,0.003529562761909083
8,-0.17320508075688776,0.09999999999999999,0.7853981633974483,0.024323854007219013
8,-0.17320508075688776,0.09999999999999999,0.2617993877991494,0.04659361902036165
8,-0.19318516525781365,0.0517638090205042,0.5235987755982988,0.012400213040803609
8,-0.19318516525781365,0.0517638090205042,0.7853981633974483,0.019446275736156263
8,-0.19318516525781365,0.0517638090205042,1.0471975511965976,0.059127318231683025
8,-0.2,2.4492935982947065e-17,0.5235987755982988,0.01960565541919909
8,-0.2,2.4492935982947065e-17,0.7853981633974483,0.025498903111407633
8,-0.2,2.4492935982947065e-17,1.0471975511965976,0.0640092084282323
9,0.2,0.0,-0.7853981633974483,0.05362562129372045
9,0.2,0.0,-1.0471975511965976,0.07573800965359337
9,0.2,0.0,-0.5235987755982988,0.08107429429104454
9,0.19318516525781368,0.05176380902050415,-0.7853981633974483,0.041598740376924216
9,0.19318516525781368,0.05176380902050415,-0.5235987755982988,0.057305762642308286
9,0.19318516525781368,0.05176380902050415,-1.0471975511965976,0.06132330392536364
9,0.17320508075688776,0.09999999999999999,-0.7853981633974483,0.027484567541825145
9,0.17320508075688776,0.09999999999999999,-0.5235987755982988,0.03683362822783621
9,0.17320508075688776,0.09999999999999999,-1.0471975511965976,0.05604920261784604
9,0.14142135623730953,0.1414213562373095,-0.5235987755982988,0.017349410998193843
9,0.14142135623730953,0.1414213562373095,-0.7853981633974483,0.018445833733207302
9,0.14142135623730953,0.1414213562373095,-1.0471975511965976,0.05612862737555253
9,0.10000000000000003,0.17320508075688773,-0.5235987755982988,0.010786745893327813
9,0.10000000000000003,0.17320508075688773,-0.7853981633974483,0.019771914733083623
9,0.10000000000000003,0.17320508075688773,-0.2617993877991494,0.05637549099169279
9,0.05176380902050415,0.19318516525781368,-0.5235987755982988,0.0036184442670721757
9,0.05176380902050415,0.19318516525781368,-0.7853981633974483,0.02592021854300248
9,0.05176380902050415,0.19318516525781368,-0.2617993877991494,0.03797448936261629
9,1.2246467991473533e-17,0.2,-0.5235987755982988,0.010163213077344392
9,1.2246467991473533e-17,0.2,-0.2617993877991494,0.015885146040665477
9,1.2246467991473533e-17,0.2,-0.7853981633974483,0.03863327440462614
9,-0.051763809020504176,0.19318516525781368,-0.2617993877991494,0.003947803064396507
9,-0.051763809020504176,0.19318516525781368,-0.5235987755982988,0.020226654253507916
9,-0.051763809020504176,0.19318516525781368,0.0,0.03636421655353747
9,-0.09999999999999996,0.17320508075688776,-0.2617993877991494,0.00827263217223318
9,-0.09999999999999996,0.17320508075688776,0.0,0.014441433705781636
9,-0.09999999999999996,0.17320508075688776,-0.5235987755982988,0.03742031674636038
9,-0.1414213562373095,0.14142135623730953,0.0,0.004253106681924117
9,-0.1414213562373095,0.14142135623730953,-0.2617993877991494,0.02191899481572603
9,-0.1414213562373095,0.14142135623730953,0.2617993877991494,0.029753157967015317
9,-0.17320508075688776,0.09999999999999999,0.0,0.007906424371819747
9,-0.17320508075688776,0.09999999999999999,0.2617993877991494,0.013322127492804276
9,-0.17320508075688776,0.09999999999999999,-0.2617993877991494,0.04171784300553171
9,-0.19318516525781365,0.0517638090205042,0.2617993877991494,0.004650067341955085
9,-0.19318516525781365,0.0517638090205042,0.5235987755982988,0.025332739478663394
9,-0.19318516525781365,0.0517638090205042,0.0,0.025542946238266796
9,-0.2,2.4492935982947065e-17,0.2617993877991494,0.008856555348948428
9,-0.2,2.4492935982947065e-17,0.5235987755982988,0.013689301515880384
9,-0.2,2.4492935982947065e-17,0.7853981633974483,0.04168711837969328
10,0.2,0.0,-0.7853981633974483,0.01007528289368278
10,0.2,0.0,-0.5235987755982988,0.012522017485217043
10,0.2,0.0,-1.0471975511965976,0.020466942536203486
10,0.19318516525781368,0.05176380902050415,-0.5235987755982988,0.004534697062090824
10,0.19318516525781368,0.05176380902050415,-0.7853981633974483,0.006382959061547329
10,0.19318516525781368,0.05176380902050415,-1.0471975511965976,0.018150269985198975
10,0.17320508075688776,0.09999999999999999,-0.5235987755982988,0.002986305638363487
10,0.17320508075688776,0.09999999999999999,-0.7853981633974483,0.009435166653833892
10,0.17320508075688776,0.09999999999999999,-0.2617993877991494,0.013271868228912354
10,0.14142135623730953,0.1414213562373095,-0.2617993877991494,0.00395148914111288
10,0.14142135623730953,0.1414213562373095,-0.5235987755982988,0.005493509926294026
10,0.14142135623730953,0.1414213562373095,-0.7853981633974483,0.013159722089767456
10,0.10000000000000003,0.17320508075688773,-0.2617993877991494,0.0027167932375481256
10,0.10000000000000003,0.17320508075688773,0.0,0.007869417730130647
10,0.10000000000000003,0.17320508075688773,-0.5235987755982988,0.008749752452498987
10,0.05176380902050415,0.19318516525781368,0.0,0.004306664592341373
10,0.05176380902050415,0.19318516525781368,-0.2617993877991494,0.004507984769971747
10,0.05176380902050415,0.19318516525781368,-0.5235987755982988,0.011871577877747385
10,1.2246467991473533e-17,0.2,0.0,0.0025380861602331464
10,1.2246467991473533e-17,0.2,-0.2617993877991494,0.007244096774803965
10,1.2246467991473533e-17,0.2,0.2617993877991494,0.007905684803661547
10,-0.051763809020504176,0.19318516525781368,0.0,0.0038081117366489613
10,-0.051763809020504176,0.19318516525781368,0.2617993877991494,0.005030915925377293
10,-0.051763809020504176,0.19318516525781368,-0.2617993877991494,0.012818217277526855
10,-0.09999999999999996,0.17320508075688776,0.2617993877991494,0.003012035630251232
10,-0.09999999999999996,0.17320508075688776,0.0,0.007303448884110702
10,-0.09999999999999996,0.17320508075688776,0.5235987755982988,0.009032607862823889
10,-0.1414213562373095,0.14142135623730953,0.2617993877991494,0.0039041559947164436
10,-0.1414213562373095,0.14142135623730953,0.5235987755982988,0.005466352167882417
10,-0.1414213562373095,0.14142135623730953,0.7853981633974483,0.013259479874058774
10,-0.17320508075688776,0.09999999999999999,0.5235987755982988,0.003089348736562227
10,-0.17320508075688776,0.09999999999999999,0.7853981633974483,0.009132827583112214
10,-0.17320508075688776,0.09999999999999999,0.2617993877991494,0.012879439874699241
10,-0.19318516525781365,0.0517638090205042,0.7853981633974483,0.005658773215193497
10,-0.19318516525781365,0.0517638090205042,0.5235987755982988,0.006429159719693034
10,-0.19318516525781365,0.0517638090205042,1.0471975511965976,0.019872753243697316
10,-0.2,2.4492935982947065e-17,0.7853981633974483,0.005030933963625054
10,-0.2,2.4492935982947065e-17,0.5235987755982988,0.014161136589552226
10,-0.2,2.4492935982947065e-17,1.0471975511965976,0.023192313156629864
11,0.2,0.0,-0.2617993877991494,0.009063217985002618
11,0.2,0.0,-0.5235987755982988,0.011662445570293226
11,0.2,0.0,-0.7853981633974483,0.034862822607943884
11,0.19318516525781368,0.05176380902050415,-0.2617993877991494,0.003912961796710366
11,0.19318516525781368,0.05176380902050415,-0.5235987755982988,0.02020780506886934
11,0.19318516525781368,0.05176380902050415,0.0,0.02545310007898431
11,0.17320508075688776,0.09999999999999999,0.0,0.008227456557123284
11,0.17320508075688776,0.09999999999999999,-0.2617993877991494,0.010806289942641007
11,0.17320508075688776,0.09999999999999999,-0.5235987755982988,0.039010618862352874
11,0.14142135623730953,0.1414213562373095,0.0,0.0035359134015284085
11,0.14142135623730953,0.1414213562373095,0.2617993877991494,0.02168446151833785
11,0.14142135623730953,0.1414213562373095,-0.2617993877991494,0.024379540430872065
11,0.10000000000000003,0.17320508075688773,0.2617993877991494,0.008643159740849546
11,0.10000000000000003,0.17320508075688773,0.0,0.01201127312685314
11,0.10000000000000003,0.17320508075688773,0.5235987755982988,0.03678518533706665
11,0.05176380902050415,0.19318516525781368,0.2617993877991494,0.0034461029266056264
11,0.05176380902050415,0.19318516525781368,0.5235987755982988,0.020583193553121465
11,0.05176380902050415,0.19318516525781368,0.0,0.03205534972642597
11,1.2246467991473533e-17,0.2,0.5235987755982988,0.009739094658901817
11,1.2246467991473533e-17,0.2,0.2617993877991494,0.014347805788642481
11,1.2246467991473533e-17,0.2,0.7853981633974483,0.03634828015377647
11,-0.051763809020504176,0.19318516525781368,0.5235987755982988,0.003337056228989049
11,-0.051763809020504176,0.19318516525781368,0.7853981633974483,0.02525381508626436
11,-0.051763809020504176,0.19318516525781368,0.2617993877991494,0.035561900389821904
11,-0.09999999999999996,0.17320508075688776,0.5235987755982988,0.011339872291213587
11,-0.09999999999999996,0.17320508075688776,0.7853981633974483,0.018410474061965942
11,-0.09999999999999996,0.17320508075688776,1.0471975511965976,0.05290306241888749
11,-0.1414213562373095,0.14142135623730953,0.7853981633974483,0.015152623778895327
11,-0.1414213562373095,0.14142135623730953,0.5235987755982988,0.018510884360263224
11,-0.1414213562373095,0.14142135623730953,1.0471975511965976,0.0530509823247006
11,-0.17320508075688776,0.09999999999999999,0.7853981633974483,0.024580389261245728
11,-0.17320508075688776,0.09999999999999999,0.5235987755982988,0.03585149112500643
11,-0.17320508075688776,0.09999999999999999,1.0471975511965976,0.04692132222025018
11,-0.19318516525781365,0.0517638090205042,0.7853981633974483,0.040472557670191714
11,-0.19318516525781365,0.0517638090205042,0.5235987755982988,0.057734395328320955
11,-0.19318516525781365,0.0517638090205042,1.0471975511965976,0.05781224526857075
11,-0.2,2.4492935982947065e-17,0.7853981633974483,0.04968579819327906
11,-0.2,2.4492935982947065e-17,1.0471975511965976,0.06087039646349455
11,-0.2,2.4492935982947065e-17,0.5235987755982988,0.0686926151576795
