cp_id,trans_x,trans_y,rot,deformation
0,0.5,0.0,-1.0471975511965976,0.10296281888633818
0,0.5,0.0,-1.3089969389957472,0.12437149675044001
0,0.5,0.0,-0.7853981633974483,0.14785685435482152
0,0.48296291314453416,0.12940952255126037,-1.0471975511965976,0.1012831411089061
0,0.48296291314453416,0.12940952255126037,-0.7853981633974483,0.12787525848141268
0,0.48296291314453416,0.12940952255126037,-1.3089969389957472,0.14366495183717642
0,0.43301270189221935,0.24999999999999997,-0.7853981633974483,0.11212348314051167
0,0.43301270189221935,0.24999999999999997,-1.0471975511965976,0.12731857202144964
0,0.43301270189221935,0.24999999999999997,-0.5235987755982988,0.1674824132635827
0,0.3535533905932738,0.35355339059327373,-0.7853981633974483,0.09590078827802766
0,0.3535533905932738,0.35355339059327373,-0.5235987755982988,0.13217778993253093
0,0.3535533905932738,0.35355339059327373,-1.0471975511965976,0.1342847919314909
0,0.25000000000000006,0.4330127018922193,-0.5235987755982988,0.09726679170814963
0,0.25000000000000006,0.4330127018922193,-0.7853981633974483,0.09843719790592555
0,0.25000000000000006,0.4330127018922193,-1.0471975511965976,0.15722723960740825
0,0.12940952255126037,0.48296291314453416,-0.5235987755982988,0.06982297738641818
0,0.12940952255126037,0.48296291314453416,-0.7853981633974483,0.1015914940864564
0,0.12940952255126037,0.48296291314453416,-0.2617993877991494,0.11845028795468283
0,3.061616997868383e-17,0.5,-0.5235987755982988,0.07692737061206621
0,3.061616997868383e-17,0.5,-0.2617993877991494,0.07784905268854003
0,3.061616997868383e-17,0.5,0.0,0.1339435818829114
0,-0.12940952255126043,0.48296291314453416,-0.2617993877991494,0.06621964614297397
0,-0.12940952255126043,0.48296291314453416,0.0,0.09535153263782713
0,-0.12940952255126043,0.48296291314453416,-0.5235987755982988,0.10891446279201038
0,-0.2499999999999999,0.43301270189221935,0.0,0.06789350340095425
0,-0.2499999999999999,0.43301270189221935,-0.2617993877991494,0.08322964330398414
0,-0.2499999999999999,0.43301270189221935,0.2617993877991494,0.11668007744442024
0,-0.35355339059327373,0.3535533905932738,0.0,0.0652634185673824
0,-0.35355339059327373,0.3535533905932738,0.2617993877991494,0.08011482769387356
0,-0.35355339059327373,0.3535533905932738,-0.2617993877991494,0.12139658194791371
0,-0.43301270189221935,0.24999999999999997,0.2617993877991494,0.0590129315709003
0,-0.43301270189221935,0.24999999999999997,0.0,0.09318017071162531
0,-0.43301270189221935,0.24999999999999997,0.5235987755982988,0.09878803503291228
0,-0.4829629131445341,0.1294095225512605,0.5235987755982988,0.06515688266138352
0,-0.4829629131445341,0.1294095225512605,0.2617993877991494,0.06816260585098581
0,-0.4829629131445341,0.1294095225512605,0.7853981633974483,0.12104500694746924
0,-0.5,6.123233995736766e-17,0.5235987755982988,0.05369881033270072
0,-0.5,6.123233995736766e-17,0.7853981633974483,0.08435508262516
0,-0.5,6.123233995736766e-17,0.2617993877991494,0.10831587380051291
1,0.5,0.0,-1.0471975511965976,0.04502755584087434
1,0.5,0.0,-0.7853981633974483,0.05779953773356386
1,0.5,0.0,-1.3089969389957472,0.10829996177641872
1,0.48296291314453416,0.12940952255126037,-0.7853981633974483,0.02448649997138787
1,0.48296291314453416,0.12940952255126037,-1.0471975511965976,0.07433015153038774
1,0.48296291314453416,0.12940952255126037,-0.5235987755982988,0.08258340504884618
1,0.43301270189221935,0.24999999999999997,-0.7853981633974483,0.04520974981888245
1,0.43301270189221935,0.24999999999999997,-0.5235987755982988,0.04620503694298019
1,0.43301270189221935,0.24999999999999997,-0.2617993877991494,0.10629413524980888
1,0.3535533905932738,0.35355339059327373,-0.5235987755982988,0.02912206843743333
1,0.3535533905932738,0.35355339059327373,-0.2617993877991494,0.06737333299628431
1,0.3535533905932738,0.35355339059327373,-0.7853981633974483,0.08082658911205731
1,0.25000000000000006,0.4330127018922193,-0.2617993877991494,0.026983198985963946
1,0.25000000000000006,0.4330127018922193,-0.5235987755982988,0.061478483644696255
1,0.25000000000000006,0.4330127018922193,0.0,0.08454907389762747
1,0.12940952255126037,0.48296291314453416,0.0,0.030583817459343
1,0.12940952255126037,0.48296291314453416,-0.2617993877991494,0.044931810249086636
1,0.12940952255126037,0.48296291314453416,0.2617993877991494,0.0786581960414148
1,3.061616997868383e-17,0.5,0.0,0.03339531716336025
1,3.061616997868383e-17,0.5,0.2617993877991494,0.0433016871849888
1,3.061616997868383e-17,0.5,-0.2617993877991494,0.06952043190702337
1,-0.12940952255126043,0.48296291314453416,0.2617993877991494,0.030435778341563257
1,-0.12940952255126043,0.48296291314453416,0.0,0.051493410737937347
1,-0.12940952255126043,0.48296291314453416,0.5235987755982988,0.06248722176788508
1,-0.2499999999999999,0.43301270189221935,0.2617993877991494,0.04279264998866626
1,-0.2499999999999999,0.43301270189221935,0.5235987755982988,0.046986792169277126
1,-0.2499999999999999,0.43301270189221935,0.0,0.08172301855454861
1,-0.35355339059327373,0.3535533905932738,0.5235987755982988,0.03731198203019441
1,-0.35355339059327373,0.3535533905932738,0.2617993877991494,0.06278145097936816
1,-0.35355339059327373,0.3535533905932738,0.7853981633974483,0.06702230489028499
1,-0.43301270189221935,0.24999999999999997,0.7853981633974483,0.03680617845578954
1,-0.43301270189221935,0.24999999999999997,0.5235987755982988,0.0393659396084083
1,-0.43301270189221935,0.24999999999999997,1.0471975511965976,0.0875321747551024
1,-0.4829629131445341,0.1294095225512605,0.7853981633974483,0.03628147664000275
1,-0.4829629131445341,0.1294095225512605,1.0471975511965976,0.059032398408887875
1,-0.4829629131445341,0.1294095225512605,0.5235987755982988,0.06842498497168788
1,-0.5,6.123233995736766e-17,0.7853981633974483,0.04433728390203874
1,-0.5,6.123233995736766e-17,1.0471975511965976,0.05390797575580465
1,-0.5,6.123233995736766e-17,0.5235987755982988,0.08553442143220648
2,0.5,0.0,-0.5235987755982988,0.024386062372495465
2,0.5,0.0,-0.7853981633974483,0.04781347086785308
2,0.5,0.0,-0.2617993877991494,0.09913717071051416
2,0.48296291314453416,0.12940952255126037,-0.5235987755982988,0.029038684396278533
2,0.48296291314453416,0.12940952255126037,-0.2617993877991494,0.04640893308150956
2,0.48296291314453416,0.12940952255126037,-0.7853981633974483,0.07955171739439625
2,0.43301270189221935,0.24999999999999997,-0.2617993877991494,0.017293128972710698
2,0.43301270189221935,0.24999999999999997,-0.5235987755982988,0.06060140384852573
2,0.43301270189221935,0.24999999999999997,0.0,0.07020647192455731
2,0.3535533905932738,0.35355339059327373,0.0,0.025667249418868228
2,0.3535533905932738,0.35355339059327373,-0.2617993877991494,0.04226401140096092
2,0.3535533905932738,0.35355339059327373,-0.5235987755982988,0.09291794784647898
2,0.25000000000000006,0.4330127018922193,0.0,0.026157414416401473
2,0.25000000000000006,0.4330127018922193,0.2617993877991494,0.04515863689042277
2,0.25000000000000006,0.4330127018922193,-0.2617993877991494,0.0743076507303593
2,0.12940952255126037,0.48296291314453416,0.2617993877991494,0.021189631447312573
2,0.12940952255126037,0.48296291314453416,0.0,0.055186397946927
2,0.12940952255126037,0.48296291314453416,0.5235987755982988,0.06712845015739448
2,3.061616997868383e-17,0.5,0.5235987755982988,0.03269274226972515
2,3.061616997868383e-17,0.5,0.2617993877991494,0.036827516020014044
2,3.061616997868383e-17,0.5,0.7853981633974483,0.09061959355777094
2,-0.12940952255126043,0.48296291314453416,0.5235987755982988,0.023667000347512356
2,-0.12940952255126043,0.48296291314453416,0.7853981633974483,0.05276443249232195
2,-0.12940952255126043,0.48296291314453416,0.2617993877991494,0.0745163647485244
2,-0.2499999999999999,0.43301270189221935,0.7853981633974483,0.054734780326911626
2,-0.2499999999999999,0.43301270189221935,0.5235987755982988,0.05774998736066171
2,-0.2499999999999999,0.43301270189221935,1.0471975511965976,0.0911568175201785
2,-0.35355339059327373,0.3535533905932738,0.7853981633974483,0.04711897568858004
2,-0.35355339059327373,0.3535533905932738,1.0471975511965976,0.07560926819064678
2,-0.35355339059327373,0.3535533905932738,0.5235987755982988,0.09363753940417882
2,-0.43301270189221935,0.24999999999999997,0.7853981633974483,0.05806340996290979
2,-0.43301270189221935,0.24999999999999997,1.0471975511965976,0.06268834002986773
2,-0.43301270189221935,0.24999999999999997,1.3089969389957472,0.10553718993341986
2,-0.4829629131445341,0.1294095225512605,1.0471975511965976,0.06047955055763094
2,-0.4829629131445341,0.1294095225512605,0.7853981633974483,0.0789689709800793
2,-0.4829629131445341,0.1294095225512605,1.3089969389957472,0.10411325041557033
2,-0.5,6.123233995736766e-17,1.0471975511965976,0.0681867777173744
2,-0.5,6.123233995736766e-17,1.3089969389957472,0.1016017027827656
2,-0.5,6.123233995736766e-17,0.7853981633974483,0.10798471619268685
3,0.5,0.0,-1.0471975511965976,0.09252534708178513
3,0.5,0.0,-1.3089969389957472,0.1205050311511076
3,0.5,0.0,-0.7853981633974483,0.13772343850003554
3,0.48296291314453416,0.12940952255126037,-1.0471975511965976,0.05657840924621765
3,0.48296291314453416,0.12940952255126037,-0.7853981633974483,0.09013677257135809
3,0.48296291314453416,0.12940952255126037,-1.3089969389957472,0.09781073465945456
3,0.43301270189221935,0.24999999999999997,-0.7853981633974483,0.06012757623743289
3,0.43301270189221935,0.24999999999999997,-1.0471975511965976,0.06840733243431989
3,0.43301270189221935,0.24999999999999997,-1.3089969389957472,0.11581241638591594
3,0.3535533905932738,0.35355339059327373,-0.7853981633974483,0.03864539315564553
3,0.3535533905932738,0.35355339059327373,-1.0471975511965976,0.07300052960216363
3,0.3535533905932738,0.35355339059327373,-0.5235987755982988,0.09319928597461243
3,0.25000000000000006,0.4330127018922193,-0.7853981633974483,0.031309292472760146
3,0.25000000000000006,0.4330127018922193,-0.5235987755982988,0.06148941719316687
3,0.25000000000000006,0.4330127018922193,-1.0471975511965976,0.09338034275940922
3,0.12940952255126037,0.48296291314453416,-0.5235987755982988,0.019849872439908975
3,0.12940952255126037,0.48296291314453416,-0.7853981633974483,0.06394190890676113
3,0.12940952255126037,0.48296291314453416,-0.2617993877991494,0.07711696068637997
3,3.061616997868383e-17,0.5,-0.2617993877991494,0.033195631243972006
3,3.061616997868383e-17,0.5,-0.5235987755982988,0.038504138133244735
3,3.061616997868383e-17,0.5,-0.7853981633974483,0.09699657376706727
3,-0.12940952255126043,0.48296291314453416,-0.2617993877991494,0.020405384812987794
3,-0.12940952255126043,0.48296291314453416,0.0,0.05767849176304046
3,-0.12940952255126043,0.48296291314453416,-0.5235987755982988,0.07019709225078002
3,-0.2499999999999999,0.43301270189221935,0.0,0.024623690179123036
3,-0.2499999999999999,0.43301270189221935,-0.2617993877991494,0.0449321835262476
3,-0.2499999999999999,0.43301270189221935,0.2617993877991494,0.07099415184067656
3,-0.35355339059327373,0.3535533905932738,0.0,0.023156793404737724
3,-0.35355339059327373,0.3535533905932738,0.2617993877991494,0.04249554741113017
3,-0.35355339059327373,0.3535533905932738,-0.2617993877991494,0.08356238950996035
3,-0.43301270189221935,0.24999999999999997,0.2617993877991494,0.017707324472231233
3,-0.43301270189221935,0.24999999999999997,0.0,0.059772802338527595
3,-0.43301270189221935,0.24999999999999997,0.5235987755982988,0.06306245923466168
3,-0.4829629131445341,0.1294095225512605,0.5235987755982988,0.03254147387045984
3,-0.4829629131445341,0.1294095225512605,0.2617993877991494,0.037518538853603685
3,-0.4829629131445341,0.1294095225512605,0.7853981633974483,0.08632252237023984
3,-0.5,6.123233995736766e-17,0.5235987755982988,0.038866460043579326
3,-0.5,6.123233995736766e-17,0.7853981633974483,0.06383446585045247
3,-0.5,6.123233995736766e-17,0.2617993877991494,0.0896773899183082
4,0.5,0.0,-1.0471975511965976,0.05017134550200674
4,0.5,0.0,-0.7853981633974483,0.05378145215996569
4,0.5,0.0,-1.3089969389957472,0.07766135504262374
4,0.48296291314453416,0.12940952255126037,-0.7853981633974483,0.04682878307895392
4,0.48296291314453416,0.12940952255126037,-0.5235987755982988,0.056422605095403394
4,0.48296291314453416,0.12940952255126037,-1.0471975511965976,0.05978201707588492
4,0.43301270189221935,0.24999999999999997,-0.7853981633974483,0.04126761746667659
4,0.43301270189221935,0.24999999999999997,-0.5235987755982988,0.05058958519914041
4,0.43301270189221935,0.24999999999999997,-0.2617993877991494,0.06874197974955776
4,0.3535533905932738,0.35355339059327373,-0.5235987755982988,0.0411878099415757
4,0.3535533905932738,0.35355339059327373,-0.2617993877991494,0.054309209639953865
4,0.3535533905932738,0.35355339059327373,-0.7853981633974483,0.07203948414693634
4,0.25000000000000006,0.4330127018922193,-0.2617993877991494,0.023994485949778214
4,0.25000000000000006,0.4330127018922193,0.0,0.05534173333107399
4,0.25000000000000006,0.4330127018922193,-0.5235987755982988,0.05675966135045913
4,0.12940952255126037,0.48296291314453416,0.0,0.021842994521749662
4,0.12940952255126037,0.48296291314453416,-0.2617993877991494,0.039874942081274
4,0.12940952255126037,0.48296291314453416,0.2617993877991494,0.04630432866779708
4,3.061616997868383e-17,0.5,0.0,0.026221596385927054
4,3.061616997868383e-17,0.5,0.2617993877991494,0.030849082967394397
4,3.061616997868383e-17,0.5,-0.2617993877991494,0.05814673757844723
4,-0.12940952255126043,0.48296291314453416,0.2617993877991494,0.023250336227232524
4,-0.12940952255126043,0.48296291314453416,0.0,0.0409703108888316
4,-0.12940952255126043,0.48296291314453416,0.5235987755982988,0.04545305708091843
4,-0.2499999999999999,0.43301270189221935,0.5235987755982988,0.03045932952616093
4,-0.2499999999999999,0.43301270189221935,0.2617993877991494,0.04607587002398974
4,-0.2499999999999999,0.43301270189221935,0.7853981633974483,0.06130935002688984
4,-0.35355339059327373,0.3535533905932738,0.5235987755982988,0.046695523132489154
4,-0.35355339059327373,0.3535533905932738,0.7853981633974483,0.04962228518125089
4,-0.35355339059327373,0.3535533905932738,0.2617993877991494,0.061794497484910574
4,-0.43301270189221935,0.24999999999999997,0.7853981633974483,0.045361478303950806
4,-0.43301270189221935,0.24999999999999997,0.5235987755982988,0.05300415021700772
4,-0.43301270189221935,0.24999999999999997,1.0471975511965976,0.06601716498531059
4,-0.4829629131445341,0.1294095225512605,0.7853981633974483,0.04754009309219883
4,-0.4829629131445341,0.1294095225512605,1.0471975511965976,0.04797955750232231
4,-0.4829629131445341,0.1294095225512605,0.5235987755982988,0.06722708647696363
4,-0.5,6.123233995736766e-17,1.0471975511965976,0.038220621108194956
4,-0.5,6.123233995736766e-17,0.7853981633974483,0.0518442652266525
4,-0.5,6.123233995736766e-17,1.3089969389957472,0.06434107240479661
5,0.5,0.0,-0.5235987755982988,0.01868111560633267
5,0.5,0.0,-0.7853981633974483,0.06379629175009556
5,0.5,0.0,-0.2617993877991494,0.07466603152834322
5,0.48296291314453416,0.12940952255126037,-0.2617993877991494,0.02756287671478319
5,0.48296291314453416,0.12940952255126037,-0.5235987755982988,0.043278847831256226
5,0.48296291314453416,0.12940952255126037,0.0,0.09868666858154956
5,0.43301270189221935,0.24999999999999997,-0.2617993877991494,0.027069994606752683
5,0.43301270189221935,0.24999999999999997,0.0,0.04687562068179091
5,0.43301270189221935,0.24999999999999997,-0.5235987755982988,0.07932401832620715
5,0.3535533905932738,0.35355339059327373,0.0,0.022924606329752836
5,0.3535533905932738,0.35355339059327373,-0.2617993877991494,0.06010034870684291
5,0.3535533905932738,0.35355339059327373,0.2617993877991494,0.07000733724004632
5,0.25000000000000006,0.4330127018922193,0.2617993877991494,0.03470092348075154
5,0.25000000000000006,0.4330127018922193,0.0,0.042059221133418076
5,0.25000000000000006,0.4330127018922193,0.5235987755982988,0.09329731029325487
5,0.12940952255126037,0.48296291314453416,0.2617993877991494,0.028492760037718008
5,0.12940952255126037,0.48296291314453416,0.5235987755982988,0.05358608063008907
5,0.12940952255126037,0.48296291314453416,0.0,0.077497703390565
5,3.061616997868383e-17,0.5,0.5235987755982988,0.027775735845607843
5,3.061616997868383e-17,0.5,0.2617993877991494,0.057534632481377114
5,3.061616997868383e-17,0.5,0.7853981633974483,0.07479196482541602
5,-0.12940952255126043,0.48296291314453416,0.5235987755982988,0.03860579105312633
5,-0.12940952255126043,0.48296291314453416,0.7853981633974483,0.043461284873462167
5,-0.12940952255126043,0.48296291314453416,0.2617993877991494,0.09242775680635311
5,-0.2499999999999999,0.43301270189221935,0.7853981633974483,0.028954032948949295
5,-0.2499999999999999,0.43301270189221935,0.5235987755982988,0.06805548398665286
5,-0.2499999999999999,0.43301270189221935,1.0471975511965976,0.06867719011953759
5,-0.35355339059327373,0.3535533905932738,0.7853981633974483,0.04077832923642841
5,-0.35355339059327373,0.3535533905932738,1.0471975511965976,0.04662500847252347
5,-0.35355339059327373,0.3535533905932738,1.3089969389957472,0.10695812587225323
5,-0.43301270189221935,0.24999999999999997,1.0471975511965976,0.06053796843332207
5,-0.43301270189221935,0.24999999999999997,0.7853981633974483,0.07388101229710389
5,-0.43301270189221935,0.24999999999999997,1.3089969389957472,0.09433022896369649
5,-0.4829629131445341,0.1294095225512605,1.0471975511965976,0.04851293584188549
5,-0.4829629131445341,0.1294095225512605,1.3089969389957472,0.07918181708960763
5,-0.4829629131445341,0.1294095225512605,0.7853981633974483,0.09664660472650138
5,-0.5,6.123233995736766e-17,1.0471975511965976,0.07647905606088216
5,-0.5,6.123233995736766e-17,1.3089969389957472,0.09482279856061548
5,-0.5,6.123233995736766e-17,0.7853981633974483,0.12178005044346021
6,0.5,0.0,-1.0471975511965976,0.05141183665697002
6,0.5,0.0,-1.3089969389957472,0.0873933677364084
6,0.5,0.0,-0.7853981633974483,0.10887236060059913
6,0.48296291314453416,0.12940952255126037,-1.0471975511965976,0.04295156188886716
6,0.48296291314453416,0.12940952255126037,-0.7853981633974483,0.07747428241893045
6,0.48296291314453416,0.12940952255126037,-1.3089969389957472,0.09662914750857808
6,0.43301270189221935,0.24999999999999997,-0.7853981633974483,0.06211731278223226
6,0.43301270189221935,0.24999999999999997,-1.0471975511965976,0.06421528668241537
6,0.43301270189221935,0.24999999999999997,-1.3089969389957472,0.11312193878004552
6,0.3535533905932738,0.35355339059327373,-0.7853981633974483,0.04254307080223964
6,0.3535533905932738,0.35355339059327373,-1.0471975511965976,0.06308432633160291
6,0.3535533905932738,0.35355339059327373,-0.5235987755982988,0.09628410051801842
6,0.25000000000000006,0.4330127018922193,-0.7853981633974483,0.03708208236292846
6,0.25000000000000006,0.4330127018922193,-0.5235987755982988,0.05605481858104955
6,0.25000000000000006,0.4330127018922193,-1.0471975511965976,0.08934675316233466
6,0.12940952255126037,0.48296291314453416,-0.5235987755982988,0.03298759216299913
6,0.12940952255126037,0.48296291314453416,-0.7853981633974483,0.06283786357542713
6,0.12940952255126037,0.48296291314453416,-0.2617993877991494,0.08149852272525246
6,3.061616997868383e-17,0.5,-0.5235987755982988,0.04150997851451385
6,3.061616997868383e-17,0.5,-0.2617993877991494,0.0475617952527201
6,3.061616997868383e-17,0.5,-0.7853981633974483,0.09794516652258747
6,-0.12940952255126043,0.48296291314453416,-0.2617993877991494,0.030244651754284597
6,-0.12940952255126043,0.48296291314453416,0.0,0.06750963124522205
6,-0.12940952255126043,0.48296291314453416,-0.5235987755982988,0.07491681301446274
6,-0.2499999999999999,0.43301270189221935,0.0,0.034506617526956516
6,-0.2499999999999999,0.43301270189221935,-0.2617993877991494,0.05295965210707492
6,-0.2499999999999999,0.43301270189221935,0.2617993877991494,0.08854538786379071
6,-0.35355339059327373,0.3535533905932738,0.0,0.03386658608972763
6,-0.35355339059327373,0.3535533905932738,0.2617993877991494,0.05012888305473084
6,-0.35355339059327373,0.3535533905932738,-0.2617993877991494,0.09752198307328705
6,-0.43301270189221935,0.24999999999999997,0.2617993877991494,0.02552547354461492
6,-0.43301270189221935,0.24999999999999997,0.5235987755982988,0.07004756436478853
6,-0.43301270189221935,0.24999999999999997,0.0,0.07299372380462417
6,-0.4829629131445341,0.1294095225512605,0.5235987755982988,0.035143371937946685
6,-0.4829629131445341,0.1294095225512605,0.2617993877991494,0.04731509811321069
6,-0.4829629131445341,0.1294095225512605,0.7853981633974483,0.09237377919270463
6,-0.5,6.123233995736766e-17,0.5235987755982988,0.02686241778179891
6,-0.5,6.123233995736766e-17,0.7853981633974483,0.056062388294639366
6,-0.5,6.123233995736766e-17,0.2617993877991494,0.10038004476270268
7,0.5,0.0,-0.7853981633974483,0.04356206536649081
7,0.5,0.0,-1.0471975511965976,0.04792477256830243
7,0.5,0.0,-0.5235987755982988,0.08880896494375355
7,0.48296291314453416,0.12940952255126037,-0.7853981633974483,0.03557809659621231
7,0.48296291314453416,0.12940952255126037,-0.5235987755982988,0.05364413390948345
7,0.48296291314453416,0.12940952255126037,-1.0471975511965976,0.06251311678581906
7,0.43301270189221935,0.24999999999999997,-0.5235987755982988,0.03278143248912739
7,0.43301270189221935,0.24999999999999997,-0.7853981633974483,0.04308486958008507
7,0.43301270189221935,0.24999999999999997,-1.0471975511965976,0.07805852194189127
7,0.3535533905932738,0.35355339059327373,-0.5235987755982988,0.032796009830349526
7,0.3535533905932738,0.35355339059327373,-0.2617993877991494,0.04391645296693882
7,0.3535533905932738,0.35355339059327373,-0.7853981633974483,0.06205599983832758
7,0.25000000000000006,0.4330127018922193,-0.2617993877991494,0.030677826878289006
7,0.25000000000000006,0.4330127018922193,-0.5235987755982988,0.04841756352725875
7,0.25000000000000006,0.4330127018922193,0.0,0.06595425476239156
7,0.12940952255126037,0.48296291314453416,-0.2617993877991494,0.0370906937802233
7,0.12940952255126037,0.48296291314453416,0.0,0.03760899345865631
7,0.12940952255126037,0.48296291314453416,-0.5235987755982988,0.07654438824491537
7,3.061616997868383e-17,0.5,0.0,0.030876405987490665
7,3.061616997868383e-17,0.5,0.2617993877991494,0.05013962562418886
7,3.061616997868383e-17,0.5,-0.2617993877991494,0.05936185890776117
7,-0.12940952255126043,0.48296291314453416,0.2617993877991494,0.03276817029883285
7,-0.12940952255126043,0.48296291314453416,0.0,0.04254300569575807
7,-0.12940952255126043,0.48296291314453416,0.5235987755982988,0.06497796136918202
7,-0.2499999999999999,0.43301270189221935,0.2617993877991494,0.032778376824926
7,-0.2499999999999999,0.43301270189221935,0.5235987755982988,0.042587278103221445
7,-0.2499999999999999,0.43301270189221935,0.0,0.07903179439435624
7,-0.35355339059327373,0.3535533905932738,0.5235987755982988,0.030268422130703534
7,-0.35355339059327373,0.3535533905932738,0.7853981633974483,0.05845377974550206
7,-0.35355339059327373,0.3535533905932738,0.2617993877991494,0.06148612280519974
7,-0.43301270189221935,0.24999999999999997,0.5235987755982988,0.04169699471258978
7,-0.43301270189221935,0.24999999999999997,0.7853981633974483,0.04184147033561193
7,-0.43301270189221935,0.24999999999999997,1.0471975511965976,0.08997401504831283
7,-0.4829629131445341,0.1294095225512605,0.7853981633974483,0.03287013572982595
7,-0.4829629131445341,0.1294095225512605,1.0471975511965976,0.06706045728848137
7,-0.4829629131445341,0.1294095225512605,0.5235987755982988,0.07542248203547237
7,-0.5,6.123233995736766e-17,1.0471975511965976,0.05563218636662637
7,-0.5,6.123233995736766e-17,0.7853981633974483,0.05770745112604004
7,-0.5,6.123233995736766e-17,1.3089969389957472,0.1074714774580874
8,0.5,0.0,-0.5235987755982988,0.03670881388282694
8,0.5,0.0,-0.7853981633974483,0.06666475745526508
8,0.5,0.0,-0.2617993877991494,0.10368445044712701
8,0.48296291314453416,0.12940952255126037,-0.5235987755982988,0.04955526890956123
8,0.48296291314453416,0.12940952255126037,-0.2617993877991494,0.05409236599245751
8,0.48296291314453416,0.12940952255126037,-0.7853981633974483,0.1105489566712372
8,0.43301270189221935,0.24999999999999997,-0.2617993877991494,0.04126702282747831
8,0.43301270189221935,0.24999999999999997,0.0,0.07816391631424673
8,0.43301270189221935,0.24999999999999997,-0.5235987755982988,0.08640410513207136
8,0.3535533905932738,0.35355339059327373,0.0,0.046169054760835944
8,0.3535533905932738,0.35355339059327373,-0.2617993877991494,0.06413614324342644
8,0.3535533905932738,0.35355339059327373,0.2617993877991494,0.11081548524503093
8,0.25000000000000006,0.4330127018922193,0.0,0.05040294661865755
8,0.25000000000000006,0.4330127018922193,0.2617993877991494,0.06450455043957118
8,0.25000000000000006,0.4330127018922193,-0.2617993877991494,0.10910058920150494
8,0.12940952255126037,0.48296291314453416,0.2617993877991494,0.046043616273023044
8,0.12940952255126037,0.48296291314453416,0.0,0.08443855781538899
8,0.12940952255126037,0.48296291314453416,0.5235987755982988,0.0885510998724399
8,3.061616997868383e-17,0.5,0.5235987755982988,0.05567770013767156
8,3.061616997868383e-17,0.5,0.2617993877991494,0.062153893944006895
8,3.061616997868383e-17,0.5,0.7853981633974483,0.11545502520645179
8,-0.12940952255126043,0.48296291314453416,0.5235987755982988,0.06447958427410752
8,-0.12940952255126043,0.48296291314453416,0.7853981633974483,0.1056441034570118
8,-0.12940952255126043,0.48296291314453416,0.2617993877991494,0.10586792217889969
8,-0.2499999999999999,0.43301270189221935,0.7853981633974483,0.08725090607388263
8,-0.2499999999999999,0.43301270189221935,0.5235987755982988,0.08910124096078972
8,-0.2499999999999999,0.43301270189221935,1.0471975511965976,0.13859280100792473
8,-0.35355339059327373,0.3535533905932738,0.7853981633974483,0.09403473234603897
8,-0.35355339059327373,0.3535533905932738,1.0471975511965976,0.12196220969801148
8,-0.35355339059327373,0.3535533905932738,0.5235987755982988,0.12761120395391837
8,-0.43301270189221935,0.24999999999999997,0.7853981633974483,0.10235254545161605
8,-0.43301270189221935,0.24999999999999997,1.0471975511965976,0.1130968076781619
8,-0.43301270189221935,0.24999999999999997,0.5235987755982988,0.1554997302681873
8,-0.4829629131445341,0.1294095225512605,1.0471975511965976,0.11597539093056641
8,-0.4829629131445341,0.1294095225512605,0.7853981633974483,0.1331908641473919
8,-0.4829629131445341,0.1294095225512605,1.3089969389957472,0.1528212322549246
8,-0.5,6.123233995736766e-17,1.0471975511965976,0.13807338149800882
8,-0.5,6.123233995736766e-17,1.3089969389957472,0.1518845670068269
8,-0.5,6.123233995736766e-17,0.7853981633974483,0.1686788273305273
9,0.5,0.0,-1.0471975511965976,0.07691155407747831
9,0.5,0.0,-1.3089969389957472,0.10832864335176362
9,0.5,0.0,-0.7853981633974483,0.13394081268722888
9,0.48296291314453416,0.12940952255126037,-1.0471975511965976,0.06180537460776383
9,0.48296291314453416,0.12940952255126037,-0.7853981633974483,0.09579562828900583
9,0.48296291314453416,0.12940952255126037,-1.3089969389957472,0.10925713122577692
9,0.43301270189221935,0.24999999999999997,-0.7853981633974483,0.06861895888242693
9,0.43301270189221935,0.24999999999999997,-1.0471975511965976,0.08092707011527077
9,0.43301270189221935,0.24999999999999997,-1.3089969389957472,0.13381066049015075
9,0.3535533905932738,0.35355339059327373,-0.7853981633974483,0.048163257610270585
9,0.3535533905932738,0.35355339059327373,-1.0471975511965976,0.07069227044739368
9,0.3535533905932738,0.35355339059327373,-0.5235987755982988,0.10892269225128004
9,0.25000000000000006,0.4330127018922193,-0.7853981633974483,0.05365413860548375
9,0.25000000000000006,0.4330127018922193,-0.5235987755982988,0.0846164634464781
9,0.25000000000000006,0.4330127018922193,-1.0471975511965976,0.10231907203922806
9,0.12940952255126037,0.48296291314453416,-0.5235987755982988,0.057694139020776296
9,0.12940952255126037,0.48296291314453416,-0.7853981633974483,0.07242682864835194
9,0.12940952255126037,0.48296291314453416,-0.2617993877991494,0.11758353838692043
9,3.061616997868383e-17,0.5,-0.5235987755982988,0.05274993978952585
9,3.061616997868383e-17,0.5,-0.2617993877991494,0.07793080906765575
9,3.061616997868383e-17,0.5,-0.7853981633974483,0.11173570893631773
9,-0.12940952255126043,0.48296291314453416,-0.2617993877991494,0.04976111824253751
9,-0.12940952255126043,0.48296291314453416,-0.5235987755982988,0.08253553876360048
9,-0.12940952255126043,0.48296291314453416,0.0,0.10234561812197766
9,-0.2499999999999999,0.43301270189221935,-0.2617993877991494,0.05960551340436549
9,-0.2499999999999999,0.43301270189221935,0.0,0.06326318685775494
9,-0.2499999999999999,0.43301270189221935,0.2617993877991494,0.12784165485606155
9,-0.35355339059327373,0.3535533905932738,0.0,0.048031091452696094
9,-0.35355339059327373,0.3535533905932738,0.2617993877991494,0.08497922808088731
9,-0.35355339059327373,0.3535533905932738,-0.2617993877991494,0.10862158779534384
9,-0.43301270189221935,0.24999999999999997,0.2617993877991494,0.0500516884697567
9,-0.43301270189221935,0.24999999999999997,0.0,0.08123172504466826
9,-0.43301270189221935,0.24999999999999997,0.5235987755982988,0.1095347279014365
9,-0.4829629131445341,0.1294095225512605,0.5235987755982988,0.06633475440237875
9,-0.4829629131445341,0.1294095225512605,0.2617993877991494,0.0699952795196607
9,-0.4829629131445341,0.1294095225512605,0.7853981633974483,0.13474033764256063
9,-0.5,6.123233995736766e-17,0.5235987755982988,0.07405673035041246
9,-0.5,6.123233995736766e-17,0.2617993877991494,0.11547397553301895
9,-0.5,6.123233995736766e-17,0.7853981633974483,0.12325716893545104
10,0.5,0.0,-1.0471975511965976,0.07583009201438273
10,0.5,0.0,-1.3089969389957472,0.10749942984083878
10,0.5,0.0,-0.7853981633974483,0.13233751783396744
10,0.48296291314453416,0.12940952255126037,-1.0471975511965976,0.06236396651742062
10,0.48296291314453416,0.12940952255126037,-0.7853981633974483,0.09679403184335443
10,0.48296291314453416,0.12940952255126037,-1.3089969389957472,0.10342855593198869
10,0.43301270189221935,0.24999999999999997,-0.7853981633974483,0.0686635264392734
10,0.43301270189221935,0.24999999999999997,-1.0471975511965976,0.0741759880629089
10,0.43301270189221935,0.24999999999999997,-1.3089969389957472,0.13026551707949616
10,0.3535533905932738,0.35355339059327373,-1.0471975511965976,0.06776425835418592
10,0.3535533905932738,0.35355339059327373,-0.7853981633974483,0.06795878349980221
10,0.3535533905932738,0.35355339059327373,-0.5235987755982988,0.10746914230561531
10,0.25000000000000006,0.4330127018922193,-0.7853981633974483,0.052191712476165816
10,0.25000000000000006,0.4330127018922193,-0.5235987755982988,0.08390199359866128
10,0.25000000000000006,0.4330127018922193,-1.0471975511965976,0.09817731019325132
10,0.12940952255126037,0.48296291314453416,-0.5235987755982988,0.05733664801137374
10,0.12940952255126037,0.48296291314453416,-0.7853981633974483,0.06907563310584376
10,0.12940952255126037,0.48296291314453416,-0.2617993877991494,0.11624048716176576
10,3.061616997868383e-17,0.5,-0.5235987755982988,0.051762821358648306
10,3.061616997868383e-17,0.5,-0.2617993877991494,0.07734792375951145
10,3.061616997868383e-17,0.5,-0.7853981633974483,0.11048132405818874
10,-0.12940952255126043,0.48296291314453416,-0.2617993877991494,0.049670537764953865
10,-0.12940952255126043,0.48296291314453416,-0.5235987755982988,0.08181625103614795
10,-0.12940952255126043,0.48296291314453416,0.0,0.10110694560806606
10,-0.2499999999999999,0.43301270189221935,-0.2617993877991494,0.05915775442849079
10,-0.2499999999999999,0.43301270189221935,0.0,0.06282618781306669
10,-0.2499999999999999,0.43301270189221935,0.2617993877991494,0.1259877087296437
10,-0.35355339059327373,0.3535533905932738,0.0,0.048216644925152895
10,-0.35355339059327373,0.3535533905932738,0.2617993877991494,0.0836019308464301
10,-0.35355339059327373,0.3535533905932738,-0.2617993877991494,0.11065884773125266
10,-0.43301270189221935,0.24999999999999997,0.2617993877991494,0.04920027364861862
10,-0.43301270189221935,0.24999999999999997,0.0,0.0854981180580865
10,-0.43301270189221935,0.24999999999999997,0.5235987755982988,0.10708161984648343
10,-0.4829629131445341,0.1294095225512605,0.2617993877991494,0.07070383769895151
10,-0.4829629131445341,0.1294095225512605,0.5235987755982988,0.08799634924519538
10,-0.4829629131445341,0.1294095225512605,0.7853981633974483,0.1321565391769485
10,-0.5,6.123233995736766e-17,0.5235987755982988,0.07335914478348118
10,-0.5,6.123233995736766e-17,0.2617993877991494,0.1178850074391534
10,-0.5,6.123233995736766e-17,0.7853981633974483,0.12300044973821292
11,0.5,0.0,-1.0471975511965976,0.07532528239892974
11,0.5,0.0,-1.3089969389957472,0.10699479384266997
11,0.5,0.0,-0.7853981633974483,0.13234557367595293
11,0.48296291314453416,0.12940952255126037,-1.0471975511965976,0.06266751463663152
11,0.48296291314453416,0.12940952255126037,-0.7853981633974483,0.09659298302828545
11,0.48296291314453416,0.12940952255126037,-1.3089969389957472,0.10343253176779618
11,0.43301270189221935,0.24999999999999997,-0.7853981633974483,0.06868415217263281
11,0.43301270189221935,0.24999999999999997,-1.0471975511965976,0.0793498873015485
11,0.43301270189221935,0.24999999999999997,-1.3089969389957472,0.13089645965189872
11,0.3535533905932738,0.35355339059327373,-1.0471975511965976,0.06776684525172007
11,0.3535533905932738,0.35355339059327373,-0.7853981633974483,0.06786564216727706
11,0.3535533905932738,0.35355339059327373,-0.5235987755982988,0.10744394175681803
11,0.25000000000000006,0.4330127018922193,-0.7853981633974483,0.05219163868882005
11,0.25000000000000006,0.4330127018922193,-0.5235987755982988,0.08390217589680966
11,0.25000000000000006,0.4330127018922193,-1.0471975511965976,0.09818091275189784
11,0.12940952255126037,0.48296291314453416,-0.5235987755982988,0.05733748571476986
11,0.12940952255126037,0.48296291314453416,-0.7853981633974483,0.06907560272281903
11,0.12940952255126037,0.48296291314453416,-0.2617993877991494,0.11624111218398876
11,3.061616997868383e-17,0.5,-0.5235987755982988,0.05176302969938931
11,3.061616997868383e-17,0.5,-0.2617993877991494,0.07734804529161037
11,3.061616997868383e-17,0.5,-0.7853981633974483,0.1104806816742373
11,-0.12940952255126043,0.48296291314453416,-0.2617993877991494,0.0496707764887196
11,-0.12940952255126043,0.48296291314453416,-0.5235987755982988,0.08181631180219741
11,-0.12940952255126043,0.48296291314453416,0.0,0.10110671990559664
11,-0.2499999999999999,0.43301270189221935,-0.2617993877991494,0.05915751136429295
11,-0.2499999999999999,0.43301270189221935,0.0,0.06282580151460941
11,-0.2499999999999999,0.43301270189221935,0.2617993877991494,0.12598710106914912
11,-0.35355339059327373,0.3535533905932738,0.0,0.04821711803225226
11,-0.35355339059327373,0.3535533905932738,0.2617993877991494,0.08360151416494808
11,-0.35355339059327373,0.3535533905932738,-0.2617993877991494,0.11066109607508266
11,-0.43301270189221935,0.24999999999999997,0.2617993877991494,0.049200633904483274
11,-0.43301270189221935,0.24999999999999997,0.0,0.08549806597290126
11,-0.43301270189221935,0.24999999999999997,0.5235987755982988,0.10708156776129818
11,-0.4829629131445341,0.1294095225512605,0.2617993877991494,0.07070362501777841
11,-0.4829629131445341,0.1294095225512605,0.5235987755982988,0.08799721733161624
11,-0.4829629131445341,0.1294095225512605,0.7853981633974483,0.13215699058188735
11,-0.5,6.123233995736766e-17,0.5235987755982988,0.07335852844212239
11,-0.5,6.123233995736766e-17,0.2617993877991494,0.1178856324613764
11,-0.5,6.123233995736766e-17,0.7853981633974483,0.12298062264436069
12,0.5,0.0,1.3089969389957472,0.23587137264880528
12,0.5,0.0,1.5707963267948966,0.23824479037032428
12,0.5,0.0,1.0471975511965976,0.25172040839229837
12,0.48296291314453416,0.12940952255126037,-1.0471975511965976,0.26712706729572605
12,0.48296291314453416,0.12940952255126037,-1.3089969389957472,0.2699463342029939
12,0.48296291314453416,0.12940952255126037,-1.5707963267948966,0.2704254831838465
12,0.43301270189221935,0.24999999999999997,-0.7853981633974483,0.1327999474703545
12,0.43301270189221935,0.24999999999999997,-1.0471975511965976,0.16953969127235635
12,0.43301270189221935,0.24999999999999997,-1.3089969389957472,0.17092694545806073
12,0.3535533905932738,0.35355339059327373,-1.3089969389957472,0.11497355843485546
12,0.3535533905932738,0.35355339059327373,-1.0471975511965976,0.12199291391471696
12,0.3535533905932738,0.35355339059327373,-1.5707963267948966,0.13207025138671596
12,0.25000000000000006,0.4330127018922193,-1.0471975511965976,0.08275493892560624
12,0.25000000000000006,0.4330127018922193,-1.3089969389957472,0.08685657781721128
12,0.25000000000000006,0.4330127018922193,-0.7853981633974483,0.1133408528136556
12,0.12940952255126037,0.48296291314453416,-1.0471975511965976,0.06418988647374128
12,0.12940952255126037,0.48296291314453416,-1.3089969389957472,0.0786160417648183
12,0.12940952255126037,0.48296291314453416,-0.7853981633974483,0.08491651751784508
12,3.061616997868383e-17,0.5,-1.0471975511965976,0.036705701793008194
12,3.061616997868383e-17,0.5,-0.7853981633974483,0.06172330137710452
12,3.061616997868383e-17,0.5,-1.3089969389957472,0.07293393001195599
12,-0.12940952255126043,0.48296291314453416,-0.7853981633974483,0.05123996856693794
12,-0.12940952255126043,0.48296291314453416,-1.0471975511965976,0.0911527461948647
12,-0.12940952255126043,0.48296291314453416,-0.5235987755982988,0.0920494881484675
12,-0.2499999999999999,0.43301270189221935,-0.7853981633974483,0.04909242259169215
12,-0.2499999999999999,0.43301270189221935,-1.0471975511965976,0.07381177372417685
12,-0.2499999999999999,0.43301270189221935,-0.5235987755982988,0.07811399266418362
12,-0.35355339059327373,0.3535533905932738,-0.7853981633974483,0.05654724494370911
12,-0.35355339059327373,0.3535533905932738,-0.5235987755982988,0.06030898459723012
12,-0.35355339059327373,0.3535533905932738,-0.2617993877991494,0.10164936072727031
12,-0.43301270189221935,0.24999999999999997,-0.5235987755982988,0.04790354351488053
12,-0.43301270189221935,0.24999999999999997,-0.2617993877991494,0.0763833582138476
12,-0.43301270189221935,0.24999999999999997,-0.7853981633974483,0.08034195382502489
12,-0.4829629131445341,0.1294095225512605,-0.2617993877991494,0.049375301573222605
12,-0.4829629131445341,0.1294095225512605,-0.5235987755982988,0.06350475794694922
12,-0.4829629131445341,0.1294095225512605,0.0,0.1115017422841701
12,-0.5,6.123233995736766e-17,-0.2617993877991494,0.04971273544587141
12,-0.5,6.123233995736766e-17,0.0,0.05976911731167108
12,-0.5,6.123233995736766e-17,-0.5235987755982988,0.10657845959523005
13,0.5,0.0,1.5707963267948966,0.16774179748613283
13,0.5,0.0,1.3089969389957472,0.16861932868724222
13,0.5,0.0,1.0471975511965976,0.17952190383435856
13,0.48296291314453416,0.12940952255126037,1.5707963267948966,0.1805731217665517
13,0.48296291314453416,0.12940952255126037,1.3089969389957472,0.18468323318162425
13,0.48296291314453416,0.12940952255126037,1.0471975511965976,0.19279876478941474
13,0.43301270189221935,0.24999999999999997,-0.7853981633974483,0.176876427828545
13,0.43301270189221935,0.24999999999999997,-1.0471975511965976,0.17788984927797433
13,0.43301270189221935,0.24999999999999997,-1.3089969389957472,0.17897511355959322
13,0.3535533905932738,0.35355339059327373,-1.0471975511965976,0.12763700348234605
13,0.3535533905932738,0.35355339059327373,-1.3089969389957472,0.13414397095230052
13,0.3535533905932738,0.35355339059327373,-0.7853981633974483,0.13482012346550099
13,0.25000000000000006,0.4330127018922193,-1.3089969389957472,0.09269929423879515
13,0.25000000000000006,0.4330127018922193,-1.0471975511965976,0.09459762562391107
13,0.25000000000000006,0.4330127018922193,-1.5707963267948966,0.101520449893774
13,0.12940952255126037,0.48296291314453416,-1.0471975511965976,0.06036969856150441
13,0.12940952255126037,0.48296291314453416,-1.3089969389957472,0.06694211106672682
13,0.12940952255126037,0.48296291314453416,-0.7853981633974483,0.06840620826240489
13,3.061616997868383e-17,0.5,-1.0471975511965976,0.06578526871927669
13,3.061616997868383e-17,0.5,-1.3089969389957472,0.06908615865369658
13,3.061616997868383e-17,0.5,-0.7853981633974483,0.07636158660641268
13,-0.12940952255126043,0.48296291314453416,-1.0471975511965976,0.06850901573722622
13,-0.12940952255126043,0.48296291314453416,-0.7853981633974483,0.0776578479734835
13,-0.12940952255126043,0.48296291314453416,-1.3089969389957472,0.0834793483629418
13,-0.2499999999999999,0.43301270189221935,-0.7853981633974483,0.08907864467125498
13,-0.2499999999999999,0.43301270189221935,-1.0471975511965976,0.08957700440460105
13,-0.2499999999999999,0.43301270189221935,-0.5235987755982988,0.10189362288436922
13,-0.35355339059327373,0.3535533905932738,-0.7853981633974483,0.08700996000691136
13,-0.35355339059327373,0.3535533905932738,-1.0471975511965976,0.09512327799432868
13,-0.35355339059327373,0.3535533905932738,-0.5235987755982988,0.09513177656038882
13,-0.43301270189221935,0.24999999999999997,-0.5235987755982988,0.0903743938673375
13,-0.43301270189221935,0.24999999999999997,-0.7853981633974483,0.0960202369695367
13,-0.43301270189221935,0.24999999999999997,-0.2617993877991494,0.10429534022320794
13,-0.4829629131445341,0.1294095225512605,-0.2617993877991494,0.08449850786361293
13,-0.4829629131445341,0.1294095225512605,-0.5235987755982988,0.08679612427886325
13,-0.4829629131445341,0.1294095225512605,-0.7853981633974483,0.10534095031712239
13,-0.5,6.123233995736766e-17,-0.2617993877991494,0.08466529330765094
13,-0.5,6.123233995736766e-17,0.0,0.090889924350088
13,-0.5,6.123233995736766e-17,-0.5235987755982988,0.10131706592623294
14,0.5,0.0,0.2617993877991494,0.0937055018900672
14,0.5,0.0,0.0,0.09533474384644787
14,0.5,0.0,-0.2617993877991494,0.09804668054864173
14,0.48296291314453416,0.12940952255126037,0.0,0.08449451466607702
14,0.48296291314453416,0.12940952255126037,-0.2617993877991494,0.08684992827522757
14,0.48296291314453416,0.12940952255126037,0.2617993877991494,0.09172558774311976
14,0.43301270189221935,0.24999999999999997,0.0,0.08033987041761485
14,0.43301270189221935,0.24999999999999997,-0.2617993877991494,0.08165654049643987
14,0.43301270189221935,0.24999999999999997,-0.7853981633974483,0.08343746319313576
14,0.3535533905932738,0.35355339059327373,-0.2617993877991494,0.08335222578747245
14,0.3535533905932738,0.35355339059327373,-0.5235987755982988,0.08548241437473332
14,0.3535533905932738,0.35355339059327373,-0.7853981633974483,0.09044628878471235
14,0.25000000000000006,0.4330127018922193,-0.2617993877991494,0.09413107257702497
14,0.25000000000000006,0.4330127018922193,-0.5235987755982988,0.09524082557657605
14,0.25000000000000006,0.4330127018922193,0.0,0.09657459695789183
14,0.12940952255126037,0.48296291314453416,-0.2617993877991494,0.0890309954076145
14,0.12940952255126037,0.48296291314453416,-0.5235987755982988,0.0895669432829834
14,0.12940952255126037,0.48296291314453416,-0.7853981633974483,0.09100472877924548
14,3.061616997868383e-17,0.5,-0.5235987755982988,0.08333188652263192
14,3.061616997868383e-17,0.5,-1.0471975511965976,0.08369589252062296
14,3.061616997868383e-17,0.5,-0.7853981633974483,0.08378777078740578
14,-0.12940952255126043,0.48296291314453416,-0.7853981633974483,0.07186139187726674
14,-0.12940952255126043,0.48296291314453416,-1.3089969389957472,0.07308954318375764
14,-0.12940952255126043,0.48296291314453416,-1.0471975511965976,0.07349410617933082
14,-0.2499999999999999,0.43301270189221935,-1.0471975511965976,0.05777864289341399
14,-0.2499999999999999,0.43301270189221935,-1.3089969389957472,0.06589344530861098
14,-0.2499999999999999,0.43301270189221935,-0.7853981633974483,0.07026130460333034
14,-0.35355339059327373,0.3535533905932738,-0.7853981633974483,0.08973753094554474
14,-0.35355339059327373,0.3535533905932738,-0.5235987755982988,0.09347857541879266
14,-0.35355339059327373,0.3535533905932738,-1.3089969389957472,0.0996306952024961
14,-0.43301270189221935,0.24999999999999997,-1.0471975511965976,0.12011618051975181
14,-0.43301270189221935,0.24999999999999997,-0.7853981633974483,0.12656765990568553
14,-0.43301270189221935,0.24999999999999997,-1.3089969389957472,0.13046778989641855
14,-0.4829629131445341,0.1294095225512605,-0.7853981633974483,0.1140790908676753
14,-0.4829629131445341,0.1294095225512605,-1.0471975511965976,0.11584982222979039
14,-0.4829629131445341,0.1294095225512605,-0.5235987755982988,0.11969878720687847
14,-0.5,6.123233995736766e-17,-1.0471975511965976,0.09588882604714834
14,-0.5,6.123233995736766e-17,-0.7853981633974483,0.10220222760698158
14,-0.5,6.123233995736766e-17,-1.3089969389957472,0.10926075114615186
15,0.5,0.0,0.7853981633974483,0.09744573904294375
15,0.5,0.0,1.0471975511965976,0.106761521659659
15,0.5,0.0,0.5235987755982988,0.10934781153329896
15,0.48296291314453416,0.12940952255126037,0.2617993877991494,0.09947836339736524
15,0.48296291314453416,0.12940952255126037,0.7853981633974483,0.10834680371968781
15,0.48296291314453416,0.12940952255126037,1.0471975511965976,0.11997616686093283
15,0.43301270189221935,0.24999999999999997,0.7853981633974483,0.09427944590807673
15,0.43301270189221935,0.24999999999999997,0.5235987755982988,0.09875555123904406
15,0.43301270189221935,0.24999999999999997,1.0471975511965976,0.10293921561655525
15,0.3535533905932738,0.35355339059327373,0.5235987755982988,0.08753306020325168
15,0.3535533905932738,0.35355339059327373,0.7853981633974483,0.09127689123391054
15,0.3535533905932738,0.35355339059327373,0.2617993877991494,0.0977300460266365
15,0.25000000000000006,0.4330127018922193,0.7853981633974483,0.0905741231910468
15,0.25000000000000006,0.4330127018922193,1.0471975511965976,0.10476026994848706
15,0.25000000000000006,0.4330127018922193,1.3089969389957472,0.11282835195251387
15,0.12940952255126037,0.48296291314453416,1.0471975511965976,0.09059332526267601
15,0.12940952255126037,0.48296291314453416,1.3089969389957472,0.091375957256258
15,0.12940952255126037,0.48296291314453416,0.7853981633974483,0.10081315043979341
15,3.061616997868383e-17,0.5,1.3089969389957472,0.07979413920828296
15,3.061616997868383e-17,0.5,1.0471975511965976,0.0799801354048144
15,3.061616997868383e-17,0.5,0.7853981633974483,0.08264314675632911
15,-0.12940952255126043,0.48296291314453416,1.5707963267948966,0.07622738044574918
15,-0.12940952255126043,0.48296291314453416,0.2617993877991494,0.07884134491448584
15,-0.12940952255126043,0.48296291314453416,1.3089969389957472,0.07934683163734711
15,-0.2499999999999999,0.43301270189221935,0.5235987755982988,0.08490303613572928
15,-0.2499999999999999,0.43301270189221935,1.0471975511965976,0.0859593323734844
15,-0.2499999999999999,0.43301270189221935,0.2617993877991494,0.08732204575607133
15,-0.35355339059327373,0.3535533905932738,0.5235987755982988,0.08462172405018845
15,-0.35355339059327373,0.3535533905932738,0.2617993877991494,0.08898111516187242
15,-0.35355339059327373,0.3535533905932738,0.0,0.09039413415254764
15,-0.43301270189221935,0.24999999999999997,0.0,0.0932550865697447
15,-0.43301270189221935,0.24999999999999997,0.2617993877991494,0.09358568860226141
15,-0.43301270189221935,0.24999999999999997,0.5235987755982988,0.09521746537099098
15,-0.4829629131445341,0.1294095225512605,1.0471975511965976,0.08930963378697909
15,-0.4829629131445341,0.1294095225512605,0.7853981633974483,0.09294247128786802
15,-0.4829629131445341,0.1294095225512605,0.0,0.09439123807735386
15,-0.5,6.123233995736766e-17,0.0,0.08448923670063825
15,-0.5,6.123233995736766e-17,0.2617993877991494,0.0867211476546944
15,-0.5,6.123233995736766e-17,0.5235987755982988,0.08903512749897774
16,0.5,0.0,0.5235987755982988,0.05876536200453794
16,0.5,0.0,0.2617993877991494,0.06438009288941385
16,0.5,0.0,0.7853981633974483,0.08620197120897632
16,0.48296291314453416,0.12940952255126037,0.5235987755982988,0.06022933766811709
16,0.48296291314453416,0.12940952255126037,0.7853981633974483,0.06869735576709395
16,0.48296291314453416,0.12940952255126037,0.2617993877991494,0.09307533191457919
16,0.43301270189221935,0.24999999999999997,0.5235987755982988,0.07604642783132289
16,0.43301270189221935,0.24999999999999997,1.0471975511965976,0.08113301493775334
16,0.43301270189221935,0.24999999999999997,0.7853981633974483,0.08488985858386076
16,0.3535533905932738,0.35355339059327373,0.7853981633974483,0.07673092265502773
16,0.3535533905932738,0.35355339059327373,0.5235987755982988,0.08881035388202692
16,0.3535533905932738,0.35355339059327373,1.0471975511965976,0.09059971437873347
16,0.25000000000000006,0.4330127018922193,0.7853981633974483,0.0766747487827345
16,0.25000000000000006,0.4330127018922193,1.0471975511965976,0.07997683667641516
16,0.25000000000000006,0.4330127018922193,1.3089969389957472,0.10479553161890201
16,0.12940952255126037,0.48296291314453416,0.7853981633974483,0.08671031393616217
16,0.12940952255126037,0.48296291314453416,1.0471975511965976,0.08870523729732613
16,0.12940952255126037,0.48296291314453416,1.3089969389957472,0.10167358033841203
16,3.061616997868383e-17,0.5,1.0471975511965976,0.07464228936473297
16,3.061616997868383e-17,0.5,0.7853981633974483,0.08094468358874982
16,3.061616997868383e-17,0.5,1.3089969389957472,0.08333193860781717
16,-0.12940952255126043,0.48296291314453416,1.0471975511965976,0.06273364111973981
16,-0.12940952255126043,0.48296291314453416,1.3089969389957472,0.06594026120928743
16,-0.12940952255126043,0.48296291314453416,0.7853981633974483,0.06979356661847977
16,-0.2499999999999999,0.43301270189221935,1.3089969389957472,0.08258196402538757
16,-0.2499999999999999,0.43301270189221935,1.0471975511965976,0.09088259770069602
16,-0.2499999999999999,0.43301270189221935,1.5707963267948966,0.09707206256222443
16,-0.35355339059327373,0.3535533905932738,0.5235987755982988,0.041688986615357436
16,-0.35355339059327373,0.3535533905932738,0.2617993877991494,0.057072745399003075
16,-0.35355339059327373,0.3535533905932738,1.0471975511965976,0.10772591358803868
16,-0.43301270189221935,0.24999999999999997,-0.5235987755982988,0.11939106793241537
16,-0.43301270189221935,0.24999999999999997,1.0471975511965976,0.14713266193909116
16,-0.43301270189221935,0.24999999999999997,0.5235987755982988,0.1539421922501689
16,-0.4829629131445341,0.1294095225512605,-1.3089969389957472,0.1879840797117231
16,-0.4829629131445341,0.1294095225512605,-1.5707963267948966,0.18969457455709537
16,-0.4829629131445341,0.1294095225512605,-1.0471975511965976,0.1987063706709572
16,-0.5,6.123233995736766e-17,-1.5707963267948966,0.17457410638489368
16,-0.5,6.123233995736766e-17,-1.3089969389957472,0.17700907143365097
16,-0.5,6.123233995736766e-17,-1.0471975511965976,0.18903436011058172
17,0.5,0.0,0.0,0.09536637691562366
17,0.5,0.0,0.2617993877991494,0.10321455526752062
17,0.5,0.0,0.5235987755982988,0.1399148271799664
17,0.48296291314453416,0.12940952255126037,0.2617993877991494,0.09164221672326127
17,0.48296291314453416,0.12940952255126037,0.5235987755982988,0.11305257867501955
17,0.48296291314453416,0.12940952255126037,0.0,0.12100489267396174
17,0.43301270189221935,0.24999999999999997,0.5235987755982988,0.08981137905736648
17,0.43301270189221935,0.24999999999999997,0.2617993877991494,0.1037793583355186
17,0.43301270189221935,0.24999999999999997,0.7853981633974483,0.12165536719083345
17,0.3535533905932738,0.35355339059327373,0.5235987755982988,0.09000847807922059
17,0.3535533905932738,0.35355339059327373,0.7853981633974483,0.09781125551130707
17,0.3535533905932738,0.35355339059327373,0.2617993877991494,0.13079208094065567
17,0.25000000000000006,0.4330127018922193,0.7853981633974483,0.06587089242339728
17,0.25000000000000006,0.4330127018922193,1.0471975511965976,0.08419189105890432
17,0.25000000000000006,0.4330127018922193,0.5235987755982988,0.09442071829220594
17,0.12940952255126037,0.48296291314453416,0.7853981633974483,0.06372744815649001
17,0.12940952255126037,0.48296291314453416,1.0471975511965976,0.06421384565895677
17,0.12940952255126037,0.48296291314453416,1.3089969389957472,0.10494591891045014
17,3.061616997868383e-17,0.5,1.0471975511965976,0.04648653132666939
17,3.061616997868383e-17,0.5,0.7853981633974483,0.069122522793866
17,3.061616997868383e-17,0.5,1.3089969389957472,0.0808902545701625
17,-0.12940952255126043,0.48296291314453416,1.0471975511965976,0.05851835235391703
17,-0.12940952255126043,0.48296291314453416,1.3089969389957472,0.07516576283823424
17,-0.12940952255126043,0.48296291314453416,0.7853981633974483,0.08182547879480159
17,-0.2499999999999999,0.43301270189221935,1.0471975511965976,0.06081401123428833
17,-0.2499999999999999,0.43301270189221935,1.3089969389957472,0.07349785631266889
17,-0.2499999999999999,0.43301270189221935,1.5707963267948966,0.11284199827104964
17,-0.35355339059327373,0.3535533905932738,1.3089969389957472,0.11598676286267956
17,-0.35355339059327373,0.3535533905932738,1.0471975511965976,0.12001091636035947
17,-0.35355339059327373,0.3535533905932738,1.5707963267948966,0.12804534265384993
17,-0.43301270189221935,0.24999999999999997,0.7853981633974483,0.1082794402134298
17,-0.43301270189221935,0.24999999999999997,0.5235987755982988,0.11854742682517601
17,-0.43301270189221935,0.24999999999999997,1.0471975511965976,0.1219075115726337
17,-0.4829629131445341,0.1294095225512605,0.0,0.13864755121848776
17,-0.4829629131445341,0.1294095225512605,-0.2617993877991494,0.15636019489026276
17,-0.4829629131445341,0.1294095225512605,0.7853981633974483,0.20107947588136468
17,-0.5,6.123233995736766e-17,-1.0471975511965976,0.1878955001733395
17,-0.5,6.123233995736766e-17,-1.3089969389957472,0.2268156166385916
17,-0.5,6.123233995736766e-17,-1.5707963267948966,0.22753920139382733
18,0.5,0.0,-0.5235987755982988,0.06379482034361222
18,0.5,0.0,-0.7853981633974483,0.10513467562179989
18,0.5,0.0,-0.2617993877991494,0.11748243236148397
18,0.48296291314453416,0.12940952255126037,-0.2617993877991494,0.07809628370119827
18,0.48296291314453416,0.12940952255126037,-0.5235987755982988,0.08138700834363
18,0.48296291314453416,0.12940952255126037,0.0,0.14854910119026454
18,0.43301270189221935,0.24999999999999997,-0.2617993877991494,0.06966668276677615
18,0.43301270189221935,0.24999999999999997,0.0,0.09978903416565922
18,0.43301270189221935,0.24999999999999997,-0.5235987755982988,0.12247971073693731
18,0.3535533905932738,0.35355339059327373,0.0,0.07058862960960834
18,0.3535533905932738,0.35355339059327373,-0.2617993877991494,0.09816650251731172
18,0.3535533905932738,0.35355339059327373,0.2617993877991494,0.12530172947815924
18,0.25000000000000006,0.4330127018922193,0.0,0.07914813533647863
18,0.25000000000000006,0.4330127018922193,0.2617993877991494,0.08079023365275209
18,0.25000000000000006,0.4330127018922193,-0.2617993877991494,0.14019198113155135
18,0.12940952255126037,0.48296291314453416,0.2617993877991494,0.07105942759909241
18,0.12940952255126037,0.48296291314453416,0.5235987755982988,0.09830760996502098
18,0.12940952255126037,0.48296291314453416,0.0,0.11442057002304526
18,3.061616997868383e-17,0.5,0.5235987755982988,0.07730901612612893
18,3.061616997868383e-17,0.5,0.2617993877991494,0.09214311994982044
18,3.061616997868383e-17,0.5,0.7853981633974483,0.12886219461414183
18,-0.12940952255126043,0.48296291314453416,0.5235987755982988,0.0791804541939269
18,-0.12940952255126043,0.48296291314453416,0.7853981633974483,0.09626200771860777
18,-0.12940952255126043,0.48296291314453416,0.2617993877991494,0.1289234207494044
18,-0.2499999999999999,0.43301270189221935,0.7853981633974483,0.07922119348965741
18,-0.2499999999999999,0.43301270189221935,0.5235987755982988,0.096235496359315
18,-0.2499999999999999,0.43301270189221935,1.0471975511965976,0.12228023315829008
18,-0.35355339059327373,0.3535533905932738,0.7853981633974483,0.06467589333731866
18,-0.35355339059327373,0.3535533905932738,1.0471975511965976,0.09039279729945954
18,-0.35355339059327373,0.3535533905932738,0.5235987755982988,0.11537986628413455
18,-0.43301270189221935,0.24999999999999997,0.7853981633974483,0.060254043407654494
18,-0.43301270189221935,0.24999999999999997,1.0471975511965976,0.06038974267696185
18,-0.43301270189221935,0.24999999999999997,1.3089969389957472,0.12642839280118848
18,-0.4829629131445341,0.1294095225512605,1.0471975511965976,0.06438696813386698
18,-0.4829629131445341,0.1294095225512605,0.7853981633974483,0.09044891040570331
18,-0.4829629131445341,0.1294095225512605,1.3089969389957472,0.11147742718352208
18,-0.5,6.123233995736766e-17,1.0471975511965976,0.08654277325693803
18,-0.5,6.123233995736766e-17,1.3089969389957472,0.10644159709011876
18,-0.5,6.123233995736766e-17,0.7853981633974483,0.12870731063493368
19,0.5,0.0,-0.5235987755982988,0.0624616218993342
19,0.5,0.0,-0.7853981633974483,0.10906571816997938
19,0.5,0.0,-0.2617993877991494,0.11627419495748738
19,0.48296291314453416,0.12940952255126037,-0.2617993877991494,0.07473810874386645
19,0.48296291314453416,0.12940952255126037,-0.5235987755982988,0.08496598976296935
19,0.48296291314453416,0.12940952255126037,0.0,0.14807738302917436
19,0.43301270189221935,0.24999999999999997,-0.2617993877991494,0.07053508603917027
19,0.43301270189221935,0.24999999999999997,0.0,0.09523105960434149
19,0.43301270189221935,0.24999999999999997,-0.5235987755982988,0.12624657210034135
19,0.3535533905932738,0.35355339059327373,0.0,0.0687970424712323
19,0.3535533905932738,0.35355339059327373,-0.2617993877991494,0.10150070960856386
19,0.3535533905932738,0.35355339059327373,0.2617993877991494,0.12004688986163953
19,0.25000000000000006,0.4330127018922193,0.2617993877991494,0.07761088449811548
19,0.25000000000000006,0.4330127018922193,0.0,0.08106831645680736
19,0.25000000000000006,0.4330127018922193,-0.2617993877991494,0.14440646257700274
19,0.12940952255126037,0.48296291314453416,0.2617993877991494,0.07002430398914183
19,0.12940952255126037,0.48296291314453416,0.5235987755982988,0.09087515820006933
19,0.12940952255126037,0.48296291314453416,0.0,0.1182862369828705
19,3.061616997868383e-17,0.5,0.5235987755982988,0.07318102213078687
19,3.061616997868383e-17,0.5,0.2617993877991494,0.09466946845610066
19,3.061616997868383e-17,0.5,0.7853981633974483,0.1140590901565389
19,-0.12940952255126043,0.48296291314453416,0.5235987755982988,0.0786800370957634
19,-0.12940952255126043,0.48296291314453416,0.7853981633974483,0.09073640326656059
19,-0.12940952255126043,0.48296291314453416,0.2617993877991494,0.13311384752013405
19,-0.2499999999999999,0.43301270189221935,0.7853981633974483,0.07550895212385329
19,-0.2499999999999999,0.43301270189221935,0.5235987755982988,0.09876140214152059
19,-0.2499999999999999,0.43301270189221935,1.0471975511965976,0.11711444184682122
19,-0.35355339059327373,0.3535533905932738,0.7853981633974483,0.06327872560468817
19,-0.35355339059327373,0.3535533905932738,1.0471975511965976,0.08553783301184043
19,-0.35355339059327373,0.3535533905932738,0.5235987755982988,0.11707577727763654
19,-0.43301270189221935,0.24999999999999997,1.0471975511965976,0.05642310858552749
19,-0.43301270189221935,0.24999999999999997,0.7853981633974483,0.060539743670052715
19,-0.43301270189221935,0.24999999999999997,1.3089969389957472,0.12113532265869453
19,-0.4829629131445341,0.1294095225512605,1.0471975511965976,0.06317314459375223
19,-0.4829629131445341,0.1294095225512605,0.7853981633974483,0.09309890046090527
19,-0.4829629131445341,0.1294095225512605,1.3089969389957472,0.10754217441620147
19,-0.5,6.123233995736766e-17,1.0471975511965976,0.08678878026774285
19,-0.5,6.123233995736766e-17,1.3089969389957472,0.10850154880506863
19,-0.5,6.123233995736766e-17,0.7853981633974483,0.13394850393291763
20,0.5,0.0,-0.5235987755982988,0.06259668746555433
20,0.5,0.0,-0.7853981633974483,0.10905188087243102
20,0.5,0.0,-0.2617993877991494,0.11627559257662495
20,0.48296291314453416,0.12940952255126037,-0.2617993877991494,0.07474104287596893
20,0.48296291314453416,0.12940952255126037,-0.5235987755982988,0.08496609393333986
20,0.48296291314453416,0.12940952255126037,0.0,0.14807604617608627
20,0.43301270189221935,0.24999999999999997,-0.2617993877991494,0.0705347995706514
20,0.43301270189221935,0.24999999999999997,0.0,0.09523367254446825
20,0.43301270189221935,0.24999999999999997,-0.5235987755982988,0.12624574741824154
20,0.3535533905932738,0.35355339059327373,0.0,0.06879736366320803
20,0.3535533905932738,0.35355339059327373,-0.2617993877991494,0.10150080509807015
20,0.3535533905932738,0.35355339059327373,0.2617993877991494,0.12004765377768987
20,0.25000000000000006,0.4330127018922193,0.2617993877991494,0.07761175258453634
20,0.25000000000000006,0.4330127018922193,0.0,0.08106795186051059
20,0.25000000000000006,0.4330127018922193,-0.2617993877991494,0.14440678376897845
20,0.12940952255126037,0.48296291314453416,0.2617993877991494,0.07002409998883294
20,0.12940952255126037,0.48296291314453416,0.5235987755982988,0.09087607837167544
20,0.12940952255126037,0.48296291314453416,0.0,0.1182868446433651
20,3.061616997868383e-17,0.5,0.5235987755982988,0.07318060544930487
20,3.061616997868383e-17,0.5,0.2617993877991494,0.09466945109437225
20,3.061616997868383e-17,0.5,0.7853981633974483,0.11405730189851195
20,-0.12940952255126043,0.48296291314453416,0.5235987755982988,0.07868007181922024
20,-0.12940952255126043,0.48296291314453416,0.7853981633974483,0.09073722794866039
20,-0.12940952255126043,0.48296291314453416,0.2617993877991494,0.13311391696704772
20,-0.2499999999999999,0.43301270189221935,0.7853981633974483,0.07550674718434433
20,-0.2499999999999999,0.43301270189221935,0.5235987755982988,0.09876040384213661
20,-0.2499999999999999,0.43301270189221935,1.0471975511965976,0.1171091117961972
20,-0.35355339059327373,0.3535533905932738,0.7853981633974483,0.06327849556178664
20,-0.35355339059327373,0.3535533905932738,1.0471975511965976,0.08553576696615879
20,-0.35355339059327373,0.3535533905932738,0.5235987755982988,0.1170748223825736
20,-0.43301270189221935,0.24999999999999997,1.0471975511965976,0.05643011404294375
20,-0.43301270189221935,0.24999999999999997,0.7853981633974483,0.060531570636400404
20,-0.43301270189221935,0.24999999999999997,1.3089969389957472,0.12109688379197928
20,-0.4829629131445341,0.1294095225512605,1.0471975511965976,0.06323032978672576
20,-0.4829629131445341,0.1294095225512605,0.7853981633974483,0.09306103453122777
20,-0.4829629131445341,0.1294095225512605,1.3089969389957472,0.10755911946313647
20,-0.5,6.123233995736766e-17,1.0471975511965976,0.08861247358239405
20,-0.5,6.123233995736766e-17,1.3089969389957472,0.10847465548775068
20,-0.5,6.123233995736766e-17,0.7853981633974483,0.13433947269514027
