push_x,push_y,push_ori,trans_x,trans_y,rot,deformation
-0.18749998229387188,-0.22936441676323227,3.141592653589793,0.5,0.0,-0.5235987755982988,0.03020399275654801
-0.18749998229387188,-0.22936441676323227,3.141592653589793,0.5,0.0,-0.7853981633974483,0.053972313980885984
-0.18749998229387188,-0.22936441676323227,3.141592653589793,0.5,0.0,-0.2617993877991494,0.09852527395418503
-0.18749998229387188,-0.22936441676323227,3.141592653589793,0.48296291314453416,0.12940952255126037,-0.5235987755982988,0.034766581197192566
-0.18749998229387188,-0.22936441676323227,3.141592653589793,0.48296291314453416,0.12940952255126037,-0.2617993877991494,0.052085428315228985
-0.18749998229387188,-0.22936441676323227,3.141592653589793,0.48296291314453416,0.12940952255126037,-0.7853981633974483,0.09899574207082919
-0.18749998229387188,-0.22936441676323227,3.141592653589793,0.43301270189221935,0.24999999999999997,-0.2617993877991494,0.027085950035167918
-0.18749998229387188,-0.22936441676323227,3.141592653589793,0.43301270189221935,0.24999999999999997,0.0,0.07506102821155863
-0.18749998229387188,-0.22936441676323227,3.141592653589793,0.43301270189221935,0.24999999999999997,-0.5235987755982988,0.07799160984057212
-0.18749998229387188,-0.22936441676323227,3.141592653589793,0.3535533905932738,0.35355339059327373,0.0,0.034342640342489954
-0.18749998229387188,-0.22936441676323227,3.141592653589793,0.3535533905932738,0.35355339059327373,-0.2617993877991494,0.05811308620834296
-0.18749998229387188,-0.22936441676323227,3.141592653589793,0.3535533905932738,0.35355339059327373,0.2617993877991494,0.0977004529605497
-0.18749998229387188,-0.22936441676323227,3.141592653589793,0.25000000000000006,0.4330127018922193,0.0,0.040245853706742905
-0.18749998229387188,-0.22936441676323227,3.141592653589793,0.25000000000000006,0.4330127018922193,0.2617993877991494,0.05067208813257805
-0.18749998229387188,-0.22936441676323227,3.141592653589793,0.25000000000000006,0.4330127018922193,-0.2617993877991494,0.10565820118048641
-0.18749998229387188,-0.22936441676323227,3.141592653589793,0.12940952255126037,0.48296291314453416,0.2617993877991494,0.029212983128289006
-0.18749998229387188,-0.22936441676323227,3.141592653589793,0.12940952255126037,0.48296291314453416,0.5235987755982988,0.07096649894774036
-0.18749998229387188,-0.22936441676323227,3.141592653589793,0.12940952255126037,0.48296291314453416,0.0,0.08387164529738834
-0.18749998229387188,-0.22936441676323227,3.141592653589793,3.061616997868383e-17,0.5,0.5235987755982988,0.032494041628424564
-0.18749998229387188,-0.22936441676323227,3.141592653589793,3.061616997868383e-17,0.5,0.2617993877991494,0.061428889867473066
-0.18749998229387188,-0.22936441676323227,3.141592653589793,3.061616997868383e-17,0.5,0.7853981633974483,0.09357358747755476
-0.18749998229387188,-0.22936441676323227,3.141592653589793,-0.12940952255126043,0.48296291314453416,0.5235987755982988,0.03821277794738257
-0.18749998229387188,-0.22936441676323227,3.141592653589793,-0.12940952255126043,0.48296291314453416,0.7853981633974483,0.05068926322241458
-0.18749998229387188,-0.22936441676323227,3.141592653589793,-0.12940952255126043,0.48296291314453416,0.2617993877991494,0.10666684815460105
-0.18749998229387188,-0.22936441676323227,3.141592653589793,-0.2499999999999999,0.43301270189221935,0.7853981633974483,0.025652971567461286
-0.18749998229387188,-0.22936441676323227,3.141592653589793,-0.2499999999999999,0.43301270189221935,0.5235987755982988,0.07616256911356849
-0.18749998229387188,-0.22936441676323227,3.141592653589793,-0.2499999999999999,0.43301270189221935,1.0471975511965976,0.08005184802404086
-0.18749998229387188,-0.22936441676323227,3.141592653589793,-0.35355339059327373,0.3535533905932738,0.7853981633974483,0.046686364820749185
-0.18749998229387188,-0.22936441676323227,3.141592653589793,-0.35355339059327373,0.3535533905932738,1.0471975511965976,0.05529831598873516
-0.18749998229387188,-0.22936441676323227,3.141592653589793,-0.35355339059327373,0.3535533905932738,1.3089969389957472,0.11623770928521902
-0.18749998229387188,-0.22936441676323227,3.141592653589793,-0.43301270189221935,0.24999999999999997,1.0471975511965976,0.05584133442800188
-0.18749998229387188,-0.22936441676323227,3.141592653589793,-0.43301270189221935,0.24999999999999997,0.7853981633974483,0.07892892615348546
-0.18749998229387188,-0.22936441676323227,3.141592653589793,-0.43301270189221935,0.24999999999999997,1.3089969389957472,0.09856602193077976
-0.18749998229387188,-0.22936441676323227,3.141592653589793,-0.4829629131445341,0.1294095225512605,1.0471975511965976,0.06565430486139508
-0.18749998229387188,-0.22936441676323227,3.141592653589793,-0.4829629131445341,0.1294095225512605,1.3089969389957472,0.08743272677472977
-0.18749998229387188,-0.22936441676323227,3.141592653589793,-0.4829629131445341,0.1294095225512605,0.7853981633974483,0.1180616890683891
-0.18749998229387188,-0.22936441676323227,3.141592653589793,-0.5,6.123233995736766e-17,1.3089969389957472,0.09739624075522685
-0.18749998229387188,-0.22936441676323227,3.141592653589793,-0.5,6.123233995736766e-17,1.0471975511965976,0.1009440752337861
-0.18749998229387188,-0.22936441676323227,3.141592653589793,-0.5,6.123233995736766e-17,1.5707963267948966,0.13921631276056481
-0.24999998229387188,-0.16686441676323227,1.5707963267948966,0.5,0.0,-1.0471975511965976,0.06909032112808455
-0.24999998229387188,-0.16686441676323227,1.5707963267948966,0.5,0.0,-1.3089969389957472,0.08825247814366734
-0.24999998229387188,-0.16686441676323227,1.5707963267948966,0.5,0.0,-0.7853981633974483,0.1192729040088092
-0.24999998229387188,-0.16686441676323227,1.5707963267948966,0.48296291314453416,0.12940952255126037,-1.0471975511965976,0.05948581296779441
-0.24999998229387188,-0.16686441676323227,1.5707963267948966,0.48296291314453416,0.12940952255126037,-0.7853981633974483,0.0911244726201376
-0.24999998229387188,-0.16686441676323227,1.5707963267948966,0.48296291314453416,0.12940952255126037,-1.3089969389957472,0.10548748330496195
-0.24999998229387188,-0.16686441676323227,1.5707963267948966,0.43301270189221935,0.24999999999999997,-1.0471975511965976,0.06754422448909295
-0.24999998229387188,-0.16686441676323227,1.5707963267948966,0.43301270189221935,0.24999999999999997,-0.7853981633974483,0.068340181609235
-0.24999998229387188,-0.16686441676323227,1.5707963267948966,0.43301270189221935,0.24999999999999997,-1.3089969389957472,0.11366049091467696
-0.24999998229387188,-0.16686441676323227,1.5707963267948966,0.3535533905932738,0.35355339059327373,-0.7853981633974483,0.04816294509915908
-0.24999998229387188,-0.16686441676323227,1.5707963267948966,0.3535533905932738,0.35355339059327373,-1.0471975511965976,0.07529272047728364
-0.24999998229387188,-0.16686441676323227,1.5707963267948966,0.3535533905932738,0.35355339059327373,-0.5235987755982988,0.10109420209940798
-0.24999998229387188,-0.16686441676323227,1.5707963267948966,0.25000000000000006,0.4330127018922193,-0.7853981633974483,0.05017922338627596
-0.24999998229387188,-0.16686441676323227,1.5707963267948966,0.25000000000000006,0.4330127018922193,-0.5235987755982988,0.06614382313454478
-0.24999998229387188,-0.16686441676323227,1.5707963267948966,0.25000000000000006,0.4330127018922193,-1.0471975511965976,0.09657992700851586
-0.24999998229387188,-0.16686441676323227,1.5707963267948966,0.12940952255126037,0.48296291314453416,-0.5235987755982988,0.0397797130009067
-0.24999998229387188,-0.16686441676323227,1.5707963267948966,0.12940952255126037,0.48296291314453416,-0.7853981633974483,0.06954336240983013
-0.24999998229387188,-0.16686441676323227,1.5707963267948966,0.12940952255126037,0.48296291314453416,-0.2617993877991494,0.09353430656701127
-0.24999998229387188,-0.16686441676323227,1.5707963267948966,3.061616997868383e-17,0.5,-0.2617993877991494,0.04514833704503938
-0.24999998229387188,-0.16686441676323227,1.5707963267948966,3.061616997868383e-17,0.5,-0.5235987755982988,0.04641262244879818
-0.24999998229387188,-0.16686441676323227,1.5707963267948966,3.061616997868383e-17,0.5,0.0,0.11336000280009956
-0.24999998229387188,-0.16686441676323227,1.5707963267948966,-0.12940952255126043,0.48296291314453416,-0.2617993877991494,0.031735792012188214
-0.24999998229387188,-0.16686441676323227,1.5707963267948966,-0.12940952255126043,0.48296291314453416,0.0,0.06605012188627818
-0.24999998229387188,-0.16686441676323227,1.5707963267948966,-0.12940952255126043,0.48296291314453416,-0.5235987755982988,0.09098609964465403
-0.24999998229387188,-0.16686441676323227,1.5707963267948966,-0.2499999999999999,0.43301270189221935,0.0,0.030294946511292623
-0.24999998229387188,-0.16686441676323227,1.5707963267948966,-0.2499999999999999,0.43301270189221935,-0.2617993877991494,0.06868083608250515
-0.24999998229387188,-0.16686441676323227,1.5707963267948966,-0.2499999999999999,0.43301270189221935,0.2617993877991494,0.08769835253864582
-0.24999998229387188,-0.16686441676323227,1.5707963267948966,-0.35355339059327373,0.3535533905932738,0.0,0.04583708983263849
-0.24999998229387188,-0.16686441676323227,1.5707963267948966,-0.35355339059327373,0.3535533905932738,0.2617993877991494,0.04656444208294073
-0.24999998229387188,-0.16686441676323227,1.5707963267948966,-0.35355339059327373,0.3535533905932738,0.5235987755982988,0.1135032370595399
-0.24999998229387188,-0.16686441676323227,1.5707963267948966,-0.43301270189221935,0.24999999999999997,0.2617993877991494,0.03039002584675233
-0.24999998229387188,-0.16686441676323227,1.5707963267948966,-0.43301270189221935,0.24999999999999997,0.5235987755982988,0.06560334818849115
-0.24999998229387188,-0.16686441676323227,1.5707963267948966,-0.43301270189221935,0.24999999999999997,0.0,0.0913193059364333
-0.24999998229387188,-0.16686441676323227,1.5707963267948966,-0.4829629131445341,0.1294095225512605,0.5235987755982988,0.027603329541994827
-0.24999998229387188,-0.16686441676323227,1.5707963267948966,-0.4829629131445341,0.1294095225512605,0.2617993877991494,0.06790896836054171
-0.24999998229387188,-0.16686441676323227,1.5707963267948966,-0.4829629131445341,0.1294095225512605,0.7853981633974483,0.08769943764667189
-0.24999998229387188,-0.16686441676323227,1.5707963267948966,-0.5,6.123233995736766e-17,0.7853981633974483,0.04226201914262507
-0.24999998229387188,-0.16686441676323227,1.5707963267948966,-0.5,6.123233995736766e-17,0.5235987755982988,0.044228734035543484
-0.24999998229387188,-0.16686441676323227,1.5707963267948966,-0.5,6.123233995736766e-17,1.0471975511965976,0.11028537959127435
0.2500000028049669,-0.16686441676323227,-1.5707963267948968,0.5,0.0,-0.7853981633974483,0.03746433553748578
0.2500000028049669,-0.16686441676323227,-1.5707963267948968,0.5,0.0,-0.5235987755982988,0.0456049027576536
0.2500000028049669,-0.16686441676323227,-1.5707963267948968,0.5,0.0,-1.0471975511965976,0.10217192271002969
0.2500000028049669,-0.16686441676323227,-1.5707963267948968,0.48296291314453416,0.12940952255126037,-0.5235987755982988,0.028071484208327408
0.2500000028049669,-0.16686441676323227,-1.5707963267948968,0.48296291314453416,0.12940952255126037,-0.2617993877991494,0.06398727076268268
0.2500000028049669,-0.16686441676323227,-1.5707963267948968,0.48296291314453416,0.12940952255126037,-0.7853981633974483,0.08605104570384725
0.2500000028049669,-0.16686441676323227,-1.5707963267948968,0.43301270189221935,0.24999999999999997,-0.2617993877991494,0.039366703524458646
0.2500000028049669,-0.16686441676323227,-1.5707963267948968,0.43301270189221935,0.24999999999999997,-0.5235987755982988,0.06386019593196647
0.2500000028049669,-0.16686441676323227,-1.5707963267948968,0.43301270189221935,0.24999999999999997,0.0,0.08740234375
0.2500000028049669,-0.16686441676323227,-1.5707963267948968,0.3535533905932738,0.35355339059327373,-0.2617993877991494,0.043614684424890665
0.2500000028049669,-0.16686441676323227,-1.5707963267948968,0.3535533905932738,0.35355339059327373,0.0,0.052437797614748524
0.2500000028049669,-0.16686441676323227,-1.5707963267948968,0.3535533905932738,0.35355339059327373,-0.5235987755982988,0.10911689186448852
0.2500000028049669,-0.16686441676323227,-1.5707963267948968,0.25000000000000006,0.4330127018922193,0.0,0.03269867564041166
0.2500000028049669,-0.16686441676323227,-1.5707963267948968,0.25000000000000006,0.4330127018922193,0.2617993877991494,0.06581683668197091
0.2500000028049669,-0.16686441676323227,-1.5707963267948968,0.25000000000000006,0.4330127018922193,-0.2617993877991494,0.08844138242970861
0.2500000028049669,-0.16686441676323227,-1.5707963267948968,0.12940952255126037,0.48296291314453416,0.2617993877991494,0.041309845530618866
0.2500000028049669,-0.16686441676323227,-1.5707963267948968,0.12940952255126037,0.48296291314453416,0.0,0.06771385725659135
0.2500000028049669,-0.16686441676323227,-1.5707963267948968,0.12940952255126037,0.48296291314453416,0.5235987755982988,0.08141056820909189
0.2500000028049669,-0.16686441676323227,-1.5707963267948968,3.061616997868383e-17,0.5,0.2617993877991494,0.04714943684108768
0.2500000028049669,-0.16686441676323227,-1.5707963267948968,3.061616997868383e-17,0.5,0.5235987755982988,0.05260266892822856
0.2500000028049669,-0.16686441676323227,-1.5707963267948968,3.061616997868383e-17,0.5,0.7853981633974483,0.10288803324118191
0.2500000028049669,-0.16686441676323227,-1.5707963267948968,-0.12940952255126043,0.48296291314453416,0.5235987755982988,0.036130167006632456
0.2500000028049669,-0.16686441676323227,-1.5707963267948968,-0.12940952255126043,0.48296291314453416,0.7853981633974483,0.06787331605123738
0.2500000028049669,-0.16686441676323227,-1.5707963267948968,-0.12940952255126043,0.48296291314453416,0.2617993877991494,0.0900412396607435
0.2500000028049669,-0.16686441676323227,-1.5707963267948968,-0.2499999999999999,0.43301270189221935,0.7853981633974483,0.04694817100441349
0.2500000028049669,-0.16686441676323227,-1.5707963267948968,-0.2499999999999999,0.43301270189221935,0.5235987755982988,0.06325065168983786
0.2500000028049669,-0.16686441676323227,-1.5707963267948968,-0.2499999999999999,0.43301270189221935,1.0471975511965976,0.0904689111168397
0.2500000028049669,-0.16686441676323227,-1.5707963267948968,-0.35355339059327373,0.3535533905932738,0.7853981633974483,0.04063548127544535
0.2500000028049669,-0.16686441676323227,-1.5707963267948968,-0.35355339059327373,0.3535533905932738,1.0471975511965976,0.06592117198889294
0.2500000028049669,-0.16686441676323227,-1.5707963267948968,-0.35355339059327373,0.3535533905932738,0.5235987755982988,0.10284800577631649
0.2500000028049669,-0.16686441676323227,-1.5707963267948968,-0.43301270189221935,0.24999999999999997,1.0471975511965976,0.059522224852716986
0.2500000028049669,-0.16686441676323227,-1.5707963267948968,-0.43301270189221935,0.24999999999999997,0.7853981633974483,0.0659281817867413
0.2500000028049669,-0.16686441676323227,-1.5707963267948968,-0.43301270189221935,0.24999999999999997,1.3089969389957472,0.10176848822680362
0.2500000028049669,-0.16686441676323227,-1.5707963267948968,-0.4829629131445341,0.1294095225512605,1.0471975511965976,0.05904007229284819
0.2500000028049669,-0.16686441676323227,-1.5707963267948968,-0.4829629131445341,0.1294095225512605,0.7853981633974483,0.09032587651727617
0.2500000028049669,-0.16686441676323227,-1.5707963267948968,-0.4829629131445341,0.1294095225512605,1.3089969389957472,0.10236533236459519
0.2500000028049669,-0.16686441676323227,-1.5707963267948968,-0.5,6.123233995736766e-17,1.0471975511965976,0.07063343589022054
0.2500000028049669,-0.16686441676323227,-1.5707963267948968,-0.5,6.123233995736766e-17,1.3089969389957472,0.09774465592109942
0.2500000028049669,-0.16686441676323227,-1.5707963267948968,-0.5,6.123233995736766e-17,0.7853981633974483,0.12393516179186372
0.18750000280496693,-0.22936441676323227,3.141592653589793,0.5,0.0,-1.3089969389957472,0.09448860265031646
0.18750000280496693,-0.22936441676323227,3.141592653589793,0.5,0.0,-1.0471975511965976,0.10110404619942043
0.18750000280496693,-0.22936441676323227,3.141592653589793,0.5,0.0,-1.5707963267948966,0.13982095231441563
0.18750000280496693,-0.22936441676323227,3.141592653589793,0.48296291314453416,0.12940952255126037,-1.0471975511965976,0.06390811430239741
0.18750000280496693,-0.22936441676323227,3.141592653589793,0.48296291314453416,0.12940952255126037,-1.3089969389957472,0.08779139404123258
0.18750000280496693,-0.22936441676323227,3.141592653589793,0.48296291314453416,0.12940952255126037,-0.7853981633974483,0.11807555240853009
0.18750000280496693,-0.22936441676323227,3.141592653589793,0.43301270189221935,0.24999999999999997,-1.0471975511965976,0.051022005087958684
0.18750000280496693,-0.22936441676323227,3.141592653589793,0.43301270189221935,0.24999999999999997,-0.7853981633974483,0.0775422015004978
0.18750000280496693,-0.22936441676323227,3.141592653589793,0.43301270189221935,0.24999999999999997,-1.3089969389957472,0.0916244903985475
0.18750000280496693,-0.22936441676323227,3.141592653589793,0.3535533905932738,0.35355339059327373,-0.7853981633974483,0.04882111954258374
0.18750000280496693,-0.22936441676323227,3.141592653589793,0.3535533905932738,0.35355339059327373,-1.0471975511965976,0.05246509459225217
0.18750000280496693,-0.22936441676323227,3.141592653589793,0.3535533905932738,0.35355339059327373,-1.3089969389957472,0.10843014001608946
0.18750000280496693,-0.22936441676323227,3.141592653589793,0.25000000000000006,0.4330127018922193,-0.7853981633974483,0.018387142480343746
0.18750000280496693,-0.22936441676323227,3.141592653589793,0.25000000000000006,0.4330127018922193,-1.0471975511965976,0.06512615240208541
0.18750000280496693,-0.22936441676323227,3.141592653589793,0.25000000000000006,0.4330127018922193,-0.5235987755982988,0.07661940827340527
0.18750000280496693,-0.22936441676323227,3.141592653589793,0.12940952255126037,0.48296291314453416,-0.7853981633974483,0.037763547565024536
0.18750000280496693,-0.22936441676323227,3.141592653589793,0.12940952255126037,0.48296291314453416,-0.5235987755982988,0.04987656505564642
0.18750000280496693,-0.22936441676323227,3.141592653589793,0.12940952255126037,0.48296291314453416,-1.0471975511965976,0.10535909332331816
0.18750000280496693,-0.22936441676323227,3.141592653589793,3.061616997868383e-17,0.5,-0.5235987755982988,0.019335184000986702
0.18750000280496693,-0.22936441676323227,3.141592653589793,3.061616997868383e-17,0.5,-0.2617993877991494,0.059622814366733036
0.18750000280496693,-0.22936441676323227,3.141592653589793,3.061616997868383e-17,0.5,-0.7853981633974483,0.07964500196118084
0.18750000280496693,-0.22936441676323227,3.141592653589793,-0.12940952255126043,0.48296291314453416,-0.2617993877991494,0.02168752458420744
0.18750000280496693,-0.22936441676323227,3.141592653589793,-0.12940952255126043,0.48296291314453416,-0.5235987755982988,0.05665579046977226
0.18750000280496693,-0.22936441676323227,3.141592653589793,-0.12940952255126043,0.48296291314453416,0.0,0.081033662446887
0.18750000280496693,-0.22936441676323227,3.141592653589793,-0.2499999999999999,0.43301270189221935,-0.2617993877991494,0.03570936428434122
0.18750000280496693,-0.22936441676323227,3.141592653589793,-0.2499999999999999,0.43301270189221935,0.0,0.036852521249366645
0.18750000280496693,-0.22936441676323227,3.141592653589793,-0.2499999999999999,0.43301270189221935,0.2617993877991494,0.10150306212276436
0.18750000280496693,-0.22936441676323227,3.141592653589793,-0.35355339059327373,0.3535533905932738,0.0,0.018581216221021192
0.18750000280496693,-0.22936441676323227,3.141592653589793,-0.35355339059327373,0.3535533905932738,0.2617993877991494,0.055645980259853685
0.18750000280496693,-0.22936441676323227,3.141592653589793,-0.35355339059327373,0.3535533905932738,-0.2617993877991494,0.08388978830358412
0.18750000280496693,-0.22936441676323227,3.141592653589793,-0.43301270189221935,0.24999999999999997,0.2617993877991494,0.01837997208650752
0.18750000280496693,-0.22936441676323227,3.141592653589793,-0.43301270189221935,0.24999999999999997,0.0,0.06235638378253449
0.18750000280496693,-0.22936441676323227,3.141592653589793,-0.43301270189221935,0.24999999999999997,0.5235987755982988,0.07522272666917046
0.18750000280496693,-0.22936441676323227,3.141592653589793,-0.4829629131445341,0.1294095225512605,0.5235987755982988,0.03257875384180326
0.18750000280496693,-0.22936441676323227,3.141592653589793,-0.4829629131445341,0.1294095225512605,0.2617993877991494,0.04122471229532606
0.18750000280496693,-0.22936441676323227,3.141592653589793,-0.4829629131445341,0.1294095225512605,0.7853981633974483,0.09559220959800793
0.18750000280496693,-0.22936441676323227,3.141592653589793,-0.5,6.123233995736766e-17,0.5235987755982988,0.02036515551802953
0.18750000280496693,-0.22936441676323227,3.141592653589793,-0.5,6.123233995736766e-17,0.7853981633974483,0.05340153413788046
0.18750000280496693,-0.22936441676323227,3.141592653589793,-0.5,6.123233995736766e-17,0.2617993877991494,0.09759957263758266
0.18750000280496693,0.27063556833560654,-1.2246467991473532e-16,0.5,0.0,-0.5235987755982988,0.12463792115386325
0.18750000280496693,0.27063556833560654,-1.2246467991473532e-16,0.5,0.0,-0.7853981633974483,0.13521652644871818
0.18750000280496693,0.27063556833560654,-1.2246467991473532e-16,0.5,0.0,-0.2617993877991494,0.17686587189766748
0.18750000280496693,0.27063556833560654,-1.2246467991473532e-16,0.48296291314453416,0.12940952255126037,-0.5235987755982988,0.1195095964523183
0.18750000280496693,0.27063556833560654,-1.2246467991473532e-16,0.48296291314453416,0.12940952255126037,-0.2617993877991494,0.13555268423432834
0.18750000280496693,0.27063556833560654,-1.2246467991473532e-16,0.48296291314453416,0.12940952255126037,-0.7853981633974483,0.18041643216758818
0.18750000280496693,0.27063556833560654,-1.2246467991473532e-16,0.43301270189221935,0.24999999999999997,-0.2617993877991494,0.112843178868582
0.18750000280496693,0.27063556833560654,-1.2246467991473532e-16,0.43301270189221935,0.24999999999999997,-0.5235987755982988,0.14729061894422912
0.18750000280496693,0.27063556833560654,-1.2246467991473532e-16,0.43301270189221935,0.24999999999999997,0.0,0.15844393217314393
0.18750000280496693,0.27063556833560654,-1.2246467991473532e-16,0.3535533905932738,0.35355339059327373,-0.2617993877991494,0.12308524441980159
0.18750000280496693,0.27063556833560654,-1.2246467991473532e-16,0.3535533905932738,0.35355339059327373,0.0,0.12417133338352031
0.18750000280496693,0.27063556833560654,-1.2246467991473532e-16,0.3535533905932738,0.35355339059327373,0.2617993877991494,0.18061631774685322
0.18750000280496693,0.27063556833560654,-1.2246467991473532e-16,0.25000000000000006,0.4330127018922193,0.0,0.11289889265507218
0.18750000280496693,0.27063556833560654,-1.2246467991473532e-16,0.25000000000000006,0.4330127018922193,0.2617993877991494,0.14042214556517565
0.18750000280496693,0.27063556833560654,-1.2246467991473532e-16,0.25000000000000006,0.4330127018922193,-0.2617993877991494,0.16121206879022365
0.18750000280496693,0.27063556833560654,-1.2246467991473532e-16,0.12940952255126037,0.48296291314453416,0.2617993877991494,0.11528409899018632
0.18750000280496693,0.27063556833560654,-1.2246467991473532e-16,0.12940952255126037,0.48296291314453416,0.0,0.12959781104717055
0.18750000280496693,0.27063556833560654,-1.2246467991473532e-16,0.12940952255126037,0.48296291314453416,0.5235987755982988,0.16074635778716576
0.18750000280496693,0.27063556833560654,-1.2246467991473532e-16,3.061616997868383e-17,0.5,0.2617993877991494,0.10903545667734853
0.18750000280496693,0.27063556833560654,-1.2246467991473532e-16,3.061616997868383e-17,0.5,0.5235987755982988,0.12077149895885186
0.18750000280496693,0.27063556833560654,-1.2246467991473532e-16,3.061616997868383e-17,0.5,0.0,0.1737809879073478
0.18750000280496693,0.27063556833560654,-1.2246467991473532e-16,-0.12940952255126043,0.48296291314453416,0.5235987755982988,0.09638954697555913
0.18750000280496693,0.27063556833560654,-1.2246467991473532e-16,-0.12940952255126043,0.48296291314453416,0.7853981633974483,0.13164192886580411
0.18750000280496693,0.27063556833560654,-1.2246467991473532e-16,-0.12940952255126043,0.48296291314453416,0.2617993877991494,0.1361999468314429
0.18750000280496693,0.27063556833560654,-1.2246467991473532e-16,-0.2499999999999999,0.43301270189221935,0.7853981633974483,0.10115078397231901
0.18750000280496693,0.27063556833560654,-1.2246467991473532e-16,-0.2499999999999999,0.43301270189221935,0.5235987755982988,0.10116019402912103
0.18750000280496693,0.27063556833560654,-1.2246467991473532e-16,-0.2499999999999999,0.43301270189221935,1.0471975511965976,0.15535278059886573
0.18750000280496693,0.27063556833560654,-1.2246467991473532e-16,-0.35355339059327373,0.3535533905932738,0.7853981633974483,0.08709712456442896
0.18750000280496693,0.27063556833560654,-1.2246467991473532e-16,-0.35355339059327373,0.3535533905932738,1.0471975511965976,0.12089025318122422
0.18750000280496693,0.27063556833560654,-1.2246467991473532e-16,-0.35355339059327373,0.3535533905932738,0.5235987755982988,0.12855345099770213
0.18750000280496693,0.27063556833560654,-1.2246467991473532e-16,-0.43301270189221935,0.24999999999999997,1.0471975511965976,0.04880091049070634
0.18750000280496693,0.27063556833560654,-1.2246467991473532e-16,-0.43301270189221935,0.24999999999999997,0.7853981633974483,0.05981417967777743
0.18750000280496693,0.27063556833560654,-1.2246467991473532e-16,-0.43301270189221935,0.24999999999999997,1.3089969389957472,0.12579152119853151
0.18750000280496693,0.27063556833560654,-1.2246467991473532e-16,-0.4829629131445341,0.1294095225512605,1.0471975511965976,0.07284110553097443
0.18750000280496693,0.27063556833560654,-1.2246467991473532e-16,-0.4829629131445341,0.1294095225512605,0.7853981633974483,0.09143227002237857
0.18750000280496693,0.27063556833560654,-1.2246467991473532e-16,-0.4829629131445341,0.1294095225512605,1.3089969389957472,0.11785416432862057
0.18750000280496693,0.27063556833560654,-1.2246467991473532e-16,-0.5,6.123233995736766e-17,1.0471975511965976,0.09168353763689376
0.18750000280496693,0.27063556833560654,-1.2246467991473532e-16,-0.5,6.123233995736766e-17,1.3089969389957472,0.11163841381026882
0.18750000280496693,0.27063556833560654,-1.2246467991473532e-16,-0.5,6.123233995736766e-17,0.7853981633974483,0.14248819124679987
0.2500000028049669,0.20813556833560654,-1.5707963267948966,0.5,0.0,-1.3089969389957472,0.14065053042163722
0.2500000028049669,0.20813556833560654,-1.5707963267948966,0.5,0.0,-1.0471975511965976,0.14430452318860226
0.2500000028049669,0.20813556833560654,-1.5707963267948966,0.5,0.0,-0.7853981633974483,0.18687489096834553
0.2500000028049669,0.20813556833560654,-1.5707963267948966,0.48296291314453416,0.12940952255126037,-1.0471975511965976,0.14157036347403462
0.2500000028049669,0.20813556833560654,-1.5707963267948966,0.48296291314453416,0.12940952255126037,-0.7853981633974483,0.16087096291201464
0.2500000028049669,0.20813556833560654,-1.5707963267948966,0.48296291314453416,0.12940952255126037,-1.3089969389957472,0.17180822679250818
0.2500000028049669,0.20813556833560654,-1.5707963267948966,0.43301270189221935,0.24999999999999997,-0.7853981633974483,0.11534656648903072
0.2500000028049669,0.20813556833560654,-1.5707963267948966,0.43301270189221935,0.24999999999999997,-1.0471975511965976,0.12773930746704326
0.2500000028049669,0.20813556833560654,-1.5707963267948966,0.43301270189221935,0.24999999999999997,-0.5235987755982988,0.17340890870564288
0.2500000028049669,0.20813556833560654,-1.5707963267948966,0.3535533905932738,0.35355339059327373,-0.7853981633974483,0.09627935208529637
0.2500000028049669,0.20813556833560654,-1.5707963267948966,0.3535533905932738,0.35355339059327373,-1.0471975511965976,0.12868092948860405
0.2500000028049669,0.20813556833560654,-1.5707963267948966,0.3535533905932738,0.35355339059327373,-0.5235987755982988,0.1298290258653641
0.2500000028049669,0.20813556833560654,-1.5707963267948966,0.25000000000000006,0.4330127018922193,-0.7853981633974483,0.09921914411123507
0.2500000028049669,0.20813556833560654,-1.5707963267948966,0.25000000000000006,0.4330127018922193,-0.5235987755982988,0.10398015540552553
0.2500000028049669,0.20813556833560654,-1.5707963267948966,0.25000000000000006,0.4330127018922193,-1.0471975511965976,0.15682279814393402
0.2500000028049669,0.20813556833560654,-1.5707963267948966,0.12940952255126037,0.48296291314453416,-0.5235987755982988,0.07658336532521157
0.2500000028049669,0.20813556833560654,-1.5707963267948966,0.12940952255126037,0.48296291314453416,-0.7853981633974483,0.11009569402745431
0.2500000028049669,0.20813556833560654,-1.5707963267948966,0.12940952255126037,0.48296291314453416,-0.2617993877991494,0.12044443003806803
0.2500000028049669,0.20813556833560654,-1.5707963267948966,3.061616997868383e-17,0.5,-0.5235987755982988,0.10012570412225769
0.2500000028049669,0.20813556833560654,-1.5707963267948966,3.061616997868383e-17,0.5,-0.2617993877991494,0.11398868834780793
0.2500000028049669,0.20813556833560654,-1.5707963267948966,3.061616997868383e-17,0.5,0.0,0.14879601969181128
0.2500000028049669,0.20813556833560654,-1.5707963267948966,-0.12940952255126043,0.48296291314453416,-0.2617993877991494,0.09524555664756969
0.2500000028049669,0.20813556833560654,-1.5707963267948966,-0.12940952255126043,0.48296291314453416,-0.5235987755982988,0.12933850495239832
0.2500000028049669,0.20813556833560654,-1.5707963267948966,-0.12940952255126043,0.48296291314453416,0.0,0.13269878935973278
0.2500000028049669,0.20813556833560654,-1.5707963267948966,-0.2499999999999999,0.43301270189221935,0.0,0.10104989496848776
0.2500000028049669,0.20813556833560654,-1.5707963267948966,-0.2499999999999999,0.43301270189221935,-0.2617993877991494,0.10470616212187545
0.2500000028049669,0.20813556833560654,-1.5707963267948966,-0.2499999999999999,0.43301270189221935,0.2617993877991494,0.15207794193793558
0.2500000028049669,0.20813556833560654,-1.5707963267948966,-0.35355339059327373,0.3535533905932738,0.0,0.09159818737999573
0.2500000028049669,0.20813556833560654,-1.5707963267948966,-0.35355339059327373,0.3535533905932738,0.2617993877991494,0.11666300218452212
0.2500000028049669,0.20813556833560654,-1.5707963267948966,-0.35355339059327373,0.3535533905932738,-0.2617993877991494,0.1466718816669037
0.2500000028049669,0.20813556833560654,-1.5707963267948966,-0.43301270189221935,0.24999999999999997,0.2617993877991494,0.09063711154174371
0.2500000028049669,0.20813556833560654,-1.5707963267948966,-0.43301270189221935,0.24999999999999997,0.0,0.11278710048579504
0.2500000028049669,0.20813556833560654,-1.5707963267948966,-0.43301270189221935,0.24999999999999997,0.5235987755982988,0.13249464147614137
0.2500000028049669,0.20813556833560654,-1.5707963267948966,-0.4829629131445341,0.1294095225512605,0.2617993877991494,0.09118956173997297
0.2500000028049669,0.20813556833560654,-1.5707963267948966,-0.4829629131445341,0.1294095225512605,0.5235987755982988,0.10213340571553656
0.2500000028049669,0.20813556833560654,-1.5707963267948966,-0.4829629131445341,0.1294095225512605,0.7853981633974483,0.15635375368902005
0.2500000028049669,0.20813556833560654,-1.5707963267948966,-0.5,6.123233995736766e-17,0.5235987755982988,0.08019036857421598
0.2500000028049669,0.20813556833560654,-1.5707963267948966,-0.5,6.123233995736766e-17,0.7853981633974483,0.1173581484286108
0.2500000028049669,0.20813556833560654,-1.5707963267948966,-0.5,6.123233995736766e-17,0.2617993877991494,0.11927643712054206
-0.24999998229387188,0.20813556833560654,1.5707963267948966,0.5,0.0,-0.5235987755982988,0.05513314952587203
-0.24999998229387188,0.20813556833560654,1.5707963267948966,0.5,0.0,-0.7853981633974483,0.07472880285743493
-0.24999998229387188,0.20813556833560654,1.5707963267948966,0.5,0.0,-0.2617993877991494,0.12673896807997617
-0.24999998229387188,0.20813556833560654,1.5707963267948966,0.48296291314453416,0.12940952255126037,-0.5235987755982988,0.05336584276468719
-0.24999998229387188,0.20813556833560654,1.5707963267948966,0.48296291314453416,0.12940952255126037,-0.2617993877991494,0.0774585006077994
-0.24999998229387188,0.20813556833560654,1.5707963267948966,0.48296291314453416,0.12940952255126037,-0.7853981633974483,0.11374594534194549
-0.24999998229387188,0.20813556833560654,1.5707963267948966,0.43301270189221935,0.24999999999999997,-0.2617993877991494,0.05215523114432958
-0.24999998229387188,0.20813556833560654,1.5707963267948966,0.43301270189221935,0.24999999999999997,-0.5235987755982988,0.08853151584278553
-0.24999998229387188,0.20813556833560654,1.5707963267948966,0.43301270189221935,0.24999999999999997,0.0,0.10772773656952248
-0.24999998229387188,0.20813556833560654,1.5707963267948966,0.3535533905932738,0.35355339059327373,0.0,0.06676693556743128
-0.24999998229387188,0.20813556833560654,1.5707963267948966,0.3535533905932738,0.35355339059327373,-0.2617993877991494,0.07010303508708088
-0.24999998229387188,0.20813556833560654,1.5707963267948966,0.3535533905932738,0.35355339059327373,-0.5235987755982988,0.13601474927441864
-0.24999998229387188,0.20813556833560654,1.5707963267948966,0.25000000000000006,0.4330127018922193,0.0,0.05998727176966292
-0.24999998229387188,0.20813556833560654,1.5707963267948966,0.25000000000000006,0.4330127018922193,0.2617993877991494,0.09125463349807993
-0.24999998229387188,0.20813556833560654,1.5707963267948966,0.25000000000000006,0.4330127018922193,-0.2617993877991494,0.11285460288588038
-0.24999998229387188,0.20813556833560654,1.5707963267948966,0.12940952255126037,0.48296291314453416,0.2617993877991494,0.06357532903253227
-0.24999998229387188,0.20813556833560654,1.5707963267948966,0.12940952255126037,0.48296291314453416,0.0,0.08980826262711564
-0.24999998229387188,0.20813556833560654,1.5707963267948966,0.12940952255126037,0.48296291314453416,0.5235987755982988,0.11924771214087612
-0.24999998229387188,0.20813556833560654,1.5707963267948966,3.061616997868383e-17,0.5,0.2617993877991494,0.07328437650005333
-0.24999998229387188,0.20813556833560654,1.5707963267948966,3.061616997868383e-17,0.5,0.5235987755982988,0.08342421619435357
-0.24999998229387188,0.20813556833560654,1.5707963267948966,3.061616997868383e-17,0.5,0.0,0.1355081687626671
-0.24999998229387188,0.20813556833560654,1.5707963267948966,-0.12940952255126043,0.48296291314453416,0.5235987755982988,0.07043588980385969
-0.24999998229387188,0.20813556833560654,1.5707963267948966,-0.12940952255126043,0.48296291314453416,0.2617993877991494,0.11052071781996693
-0.24999998229387188,0.20813556833560654,1.5707963267948966,-0.12940952255126043,0.48296291314453416,0.7853981633974483,0.1114578431538677
-0.24999998229387188,0.20813556833560654,1.5707963267948966,-0.2499999999999999,0.43301270189221935,0.7853981633974483,0.0880931148385276
-0.24999998229387188,0.20813556833560654,1.5707963267948966,-0.2499999999999999,0.43301270189221935,0.5235987755982988,0.08857177769098457
-0.24999998229387188,0.20813556833560654,1.5707963267948966,-0.2499999999999999,0.43301270189221935,1.0471975511965976,0.14761365126315604
-0.24999998229387188,0.20813556833560654,1.5707963267948966,-0.35355339059327373,0.3535533905932738,0.7853981633974483,0.08551026258711421
-0.24999998229387188,0.20813556833560654,1.5707963267948966,-0.35355339059327373,0.3535533905932738,1.0471975511965976,0.12235490595221163
-0.24999998229387188,0.20813556833560654,1.5707963267948966,-0.35355339059327373,0.3535533905932738,0.5235987755982988,0.12417099482981617
-0.24999998229387188,0.20813556833560654,1.5707963267948966,-0.43301270189221935,0.24999999999999997,0.7853981633974483,0.10084052120464283
-0.24999998229387188,0.20813556833560654,1.5707963267948966,-0.43301270189221935,0.24999999999999997,1.0471975511965976,0.11102379994344243
-0.24999998229387188,0.20813556833560654,1.5707963267948966,-0.43301270189221935,0.24999999999999997,0.5235987755982988,0.16032646438540038
-0.24999998229387188,0.20813556833560654,1.5707963267948966,-0.4829629131445341,0.1294095225512605,1.0471975511965976,0.13590847813477813
-0.24999998229387188,0.20813556833560654,1.5707963267948966,-0.4829629131445341,0.1294095225512605,0.7853981633974483,0.15199373755511308
-0.24999998229387188,0.20813556833560654,1.5707963267948966,-0.4829629131445341,0.1294095225512605,1.3089969389957472,0.1638680660034579
-0.24999998229387188,0.20813556833560654,1.5707963267948966,-0.5,6.123233995736766e-17,1.0471975511965976,0.12711413766933935
-0.24999998229387188,0.20813556833560654,1.5707963267948966,-0.5,6.123233995736766e-17,1.3089969389957472,0.14179248942740186
-0.24999998229387188,0.20813556833560654,1.5707963267948966,-0.5,6.123233995736766e-17,0.7853981633974483,0.1657613798490613
-0.18749998229387188,0.27063556833560654,0.0,0.5,0.0,-1.0471975511965976,0.09111555737259547
-0.18749998229387188,0.27063556833560654,0.0,0.5,0.0,-1.3089969389957472,0.10691775985368368
-0.18749998229387188,0.27063556833560654,0.0,0.5,0.0,-0.7853981633974483,0.14274885155638867
-0.18749998229387188,0.27063556833560654,0.0,0.48296291314453416,0.12940952255126037,-1.0471975511965976,0.054479740876897845
-0.18749998229387188,0.27063556833560654,0.0,0.48296291314453416,0.12940952255126037,-1.3089969389957472,0.09999365949678211
-0.18749998229387188,0.27063556833560654,0.0,0.48296291314453416,0.12940952255126037,-0.7853981633974483,0.10017363117355284
-0.18749998229387188,0.27063556833560654,0.0,0.43301270189221935,0.24999999999999997,-1.0471975511965976,0.029961937709174102
-0.18749998229387188,0.27063556833560654,0.0,0.43301270189221935,0.24999999999999997,-0.7853981633974483,0.0615049602805322
-0.18749998229387188,0.27063556833560654,0.0,0.43301270189221935,0.24999999999999997,-1.3089969389957472,0.10637668158756756
-0.18749998229387188,0.27063556833560654,0.0,0.3535533905932738,0.35355339059327373,-0.7853981633974483,0.049001286538799156
-0.18749998229387188,0.27063556833560654,0.0,0.3535533905932738,0.35355339059327373,-1.0471975511965976,0.06703452754709056
-0.18749998229387188,0.27063556833560654,0.0,0.3535533905932738,0.35355339059327373,-0.5235987755982988,0.12242979576773841
-0.18749998229387188,0.27063556833560654,0.0,0.25000000000000006,0.4330127018922193,-0.7853981633974483,0.05567557766637258
-0.18749998229387188,0.27063556833560654,0.0,0.25000000000000006,0.4330127018922193,-0.5235987755982988,0.09506049798437277
-0.18749998229387188,0.27063556833560654,0.0,0.25000000000000006,0.4330127018922193,-1.0471975511965976,0.11084968785001245
-0.18749998229387188,0.27063556833560654,0.0,0.12940952255126037,0.48296291314453416,-0.5235987755982988,0.06974809625175561
-0.18749998229387188,0.27063556833560654,0.0,0.12940952255126037,0.48296291314453416,-0.7853981633974483,0.08865004436268845
-0.18749998229387188,0.27063556833560654,0.0,0.12940952255126037,0.48296291314453416,-0.2617993877991494,0.13618010237586226
-0.18749998229387188,0.27063556833560654,0.0,3.061616997868383e-17,0.5,-0.5235987755982988,0.07030931846326759
-0.18749998229387188,0.27063556833560654,0.0,3.061616997868383e-17,0.5,-0.2617993877991494,0.09225998174379534
-0.18749998229387188,0.27063556833560654,0.0,3.061616997868383e-17,0.5,-0.7853981633974483,0.13235573028707687
-0.18749998229387188,0.27063556833560654,0.0,-0.12940952255126043,0.48296291314453416,-0.2617993877991494,0.06307618802140742
-0.18749998229387188,0.27063556833560654,0.0,-0.12940952255126043,0.48296291314453416,-0.5235987755982988,0.10401105928210781
-0.18749998229387188,0.27063556833560654,0.0,-0.12940952255126043,0.48296291314453416,0.0,0.11700860475039113
-0.18749998229387188,0.27063556833560654,0.0,-0.2499999999999999,0.43301270189221935,0.0,0.07908545081602901
-0.18749998229387188,0.27063556833560654,0.0,-0.2499999999999999,0.43301270189221935,-0.2617993877991494,0.08271493750333345
-0.18749998229387188,0.27063556833560654,0.0,-0.2499999999999999,0.43301270189221935,0.2617993877991494,0.14324475460516373
-0.18749998229387188,0.27063556833560654,0.0,-0.35355339059327373,0.3535533905932738,0.0,0.07386144562917793
-0.18749998229387188,0.27063556833560654,0.0,-0.35355339059327373,0.3535533905932738,0.2617993877991494,0.10361786821864777
-0.18749998229387188,0.27063556833560654,0.0,-0.35355339059327373,0.3535533905932738,-0.2617993877991494,0.13018660802384086
-0.18749998229387188,0.27063556833560654,0.0,-0.43301270189221935,0.24999999999999997,0.2617993877991494,0.07852314783692309
-0.18749998229387188,0.27063556833560654,0.0,-0.43301270189221935,0.24999999999999997,0.0,0.10727471698993742
-0.18749998229387188,0.27063556833560654,0.0,-0.43301270189221935,0.24999999999999997,0.5235987755982988,0.13399570179161926
-0.18749998229387188,0.27063556833560654,0.0,-0.4829629131445341,0.1294095225512605,0.2617993877991494,0.08896091479085923
-0.18749998229387188,0.27063556833560654,0.0,-0.4829629131445341,0.1294095225512605,0.5235987755982988,0.09700032390040535
-0.18749998229387188,0.27063556833560654,0.0,-0.4829629131445341,0.1294095225512605,0.0,0.15732870154827727
-0.18749998229387188,0.27063556833560654,0.0,-0.5,6.123233995736766e-17,0.5235987755982988,0.08292989306286445
-0.18749998229387188,0.27063556833560654,0.0,-0.5,6.123233995736766e-17,0.7853981633974483,0.12412558522914148
-0.18749998229387188,0.27063556833560654,0.0,-0.5,6.123233995736766e-17,0.2617993877991494,0.12883180290854787
1.025554752231983e-08,-0.22936441676323227,3.141592653589793,0.5,0.0,-1.0471975511965976,0.04035628732077141
1.025554752231983e-08,-0.22936441676323227,3.141592653589793,0.5,0.0,-0.7853981633974483,0.0562830905862764
1.025554752231983e-08,-0.22936441676323227,3.141592653589793,0.5,0.0,-1.3089969389957472,0.0657292554429713
1.025554752231983e-08,-0.22936441676323227,3.141592653589793,0.48296291314453416,0.12940952255126037,-1.0471975511965976,0.03350193553756911
1.025554752231983e-08,-0.22936441676323227,3.141592653589793,0.48296291314453416,0.12940952255126037,-0.7853981633974483,0.04424034035099026
1.025554752231983e-08,-0.22936441676323227,3.141592653589793,0.48296291314453416,0.12940952255126037,-0.5235987755982988,0.08212302409641231
1.025554752231983e-08,-0.22936441676323227,3.141592653589793,0.43301270189221935,0.24999999999999997,-0.7853981633974483,0.04153174578151668
1.025554752231983e-08,-0.22936441676323227,3.141592653589793,0.43301270189221935,0.24999999999999997,-0.5235987755982988,0.05254533182013138
1.025554752231983e-08,-0.22936441676323227,3.141592653589793,0.43301270189221935,0.24999999999999997,-1.0471975511965976,0.06540238618206425
1.025554752231983e-08,-0.22936441676323227,3.141592653589793,0.3535533905932738,0.35355339059327373,-0.5235987755982988,0.044369971696215864
1.025554752231983e-08,-0.22936441676323227,3.141592653589793,0.3535533905932738,0.35355339059327373,-0.7853981633974483,0.05007326475774694
1.025554752231983e-08,-0.22936441676323227,3.141592653589793,0.3535533905932738,0.35355339059327373,-0.2617993877991494,0.06740523083181846
1.025554752231983e-08,-0.22936441676323227,3.141592653589793,0.25000000000000006,0.4330127018922193,-0.2617993877991494,0.04418321592406619
1.025554752231983e-08,-0.22936441676323227,3.141592653589793,0.25000000000000006,0.4330127018922193,-0.5235987755982988,0.04583491527615426
1.025554752231983e-08,-0.22936441676323227,3.141592653589793,0.25000000000000006,0.4330127018922193,0.0,0.08164930933655419
1.025554752231983e-08,-0.22936441676323227,3.141592653589793,0.12940952255126037,0.48296291314453416,-0.2617993877991494,0.04394665803395232
1.025554752231983e-08,-0.22936441676323227,3.141592653589793,0.12940952255126037,0.48296291314453416,0.0,0.046251392757853615
1.025554752231983e-08,-0.22936441676323227,3.141592653589793,0.12940952255126037,0.48296291314453416,-0.5235987755982988,0.07409612411219066
1.025554752231983e-08,-0.22936441676323227,3.141592653589793,3.061616997868383e-17,0.5,0.0,0.043534412473554614
1.025554752231983e-08,-0.22936441676323227,3.141592653589793,3.061616997868383e-17,0.5,0.2617993877991494,0.05502722562079985
1.025554752231983e-08,-0.22936441676323227,3.141592653589793,3.061616997868383e-17,0.5,-0.2617993877991494,0.06113864083222959
1.025554752231983e-08,-0.22936441676323227,3.141592653589793,-0.12940952255126043,0.48296291314453416,0.2617993877991494,0.04333885864552962
1.025554752231983e-08,-0.22936441676323227,3.141592653589793,-0.12940952255126043,0.48296291314453416,0.0,0.05123683911539077
1.025554752231983e-08,-0.22936441676323227,3.141592653589793,-0.12940952255126043,0.48296291314453416,0.5235987755982988,0.06803469765730559
1.025554752231983e-08,-0.22936441676323227,3.141592653589793,-0.2499999999999999,0.43301270189221935,0.5235987755982988,0.04326166406055549
1.025554752231983e-08,-0.22936441676323227,3.141592653589793,-0.2499999999999999,0.43301270189221935,0.2617993877991494,0.04733977781015547
1.025554752231983e-08,-0.22936441676323227,3.141592653589793,-0.2499999999999999,0.43301270189221935,0.0,0.08211847532356706
1.025554752231983e-08,-0.22936441676323227,3.141592653589793,-0.35355339059327373,0.3535533905932738,0.5235987755982988,0.045791359039988086
1.025554752231983e-08,-0.22936441676323227,3.141592653589793,-0.35355339059327373,0.3535533905932738,0.7853981633974483,0.047661625191117905
1.025554752231983e-08,-0.22936441676323227,3.141592653589793,-0.35355339059327373,0.3535533905932738,0.2617993877991494,0.06710768553020774
1.025554752231983e-08,-0.22936441676323227,3.141592653589793,-0.43301270189221935,0.24999999999999997,0.7853981633974483,0.0359846627012016
1.025554752231983e-08,-0.22936441676323227,3.141592653589793,-0.43301270189221935,0.24999999999999997,0.5235987755982988,0.052287136875977816
1.025554752231983e-08,-0.22936441676323227,3.141592653589793,-0.43301270189221935,0.24999999999999997,1.0471975511965976,0.0627986434309331
1.025554752231983e-08,-0.22936441676323227,3.141592653589793,-0.4829629131445341,0.1294095225512605,1.0471975511965976,0.043336423663119135
1.025554752231983e-08,-0.22936441676323227,3.141592653589793,-0.4829629131445341,0.1294095225512605,0.7853981633974483,0.04671347515967234
1.025554752231983e-08,-0.22936441676323227,3.141592653589793,-0.4829629131445341,0.1294095225512605,0.5235987755982988,0.08285514214116502
1.025554752231983e-08,-0.22936441676323227,3.141592653589793,-0.5,6.123233995736766e-17,1.0471975511965976,0.041403021586600856
1.025554752231983e-08,-0.22936441676323227,3.141592653589793,-0.5,6.123233995736766e-17,0.7853981633974483,0.0588223779206594
1.025554752231983e-08,-0.22936441676323227,3.141592653589793,-0.5,6.123233995736766e-17,1.3089969389957472,0.06401857829945065
0.2500000028049669,0.020635575786187133,-1.5707963267948968,0.5,0.0,-1.0471975511965976,0.05383121087360884
0.2500000028049669,0.020635575786187133,-1.5707963267948968,0.5,0.0,-0.7853981633974483,0.07082001370465395
0.2500000028049669,0.020635575786187133,-1.5707963267948968,0.5,0.0,-1.3089969389957472,0.10085178896638547
0.2500000028049669,0.020635575786187133,-1.5707963267948968,0.48296291314453416,0.12940952255126037,-0.7853981633974483,0.0425736578272783
0.2500000028049669,0.020635575786187133,-1.5707963267948968,0.48296291314453416,0.12940952255126037,-1.0471975511965976,0.0727298255326856
0.2500000028049669,0.020635575786187133,-1.5707963267948968,0.48296291314453416,0.12940952255126037,-0.5235987755982988,0.09240677515756116
0.2500000028049669,0.020635575786187133,-1.5707963267948968,0.43301270189221935,0.24999999999999997,-0.7853981633974483,0.0382121876486164
0.2500000028049669,0.020635575786187133,-1.5707963267948968,0.43301270189221935,0.24999999999999997,-0.5235987755982988,0.05026095806323114
0.2500000028049669,0.020635575786187133,-1.5707963267948968,0.43301270189221935,0.24999999999999997,-1.0471975511965976,0.09805993622828811
0.2500000028049669,0.020635575786187133,-1.5707963267948968,0.3535533905932738,0.35355339059327373,-0.5235987755982988,0.0306750121080694
0.2500000028049669,0.020635575786187133,-1.5707963267948968,0.3535533905932738,0.35355339059327373,-0.7853981633974483,0.06561631305918655
0.2500000028049669,0.020635575786187133,-1.5707963267948968,0.3535533905932738,0.35355339059327373,-0.2617993877991494,0.07170912517861747
0.2500000028049669,0.020635575786187133,-1.5707963267948968,0.25000000000000006,0.4330127018922193,-0.2617993877991494,0.03838908195902521
0.2500000028049669,0.020635575786187133,-1.5707963267948968,0.25000000000000006,0.4330127018922193,-0.5235987755982988,0.047312802024627544
0.2500000028049669,0.020635575786187133,-1.5707963267948968,0.25000000000000006,0.4330127018922193,0.0,0.09474855980990435
0.2500000028049669,0.020635575786187133,-1.5707963267948968,0.12940952255126037,0.48296291314453416,-0.2617993877991494,0.0354747986525632
0.2500000028049669,0.020635575786187133,-1.5707963267948968,0.12940952255126037,0.48296291314453416,0.0,0.052426603640351656
0.2500000028049669,0.020635575786187133,-1.5707963267948968,0.12940952255126037,0.48296291314453416,-0.5235987755982988,0.08277217044106013
0.2500000028049669,0.020635575786187133,-1.5707963267948968,3.061616997868383e-17,0.5,0.0,0.031447001362131764
0.2500000028049669,0.020635575786187133,-1.5707963267948968,3.061616997868383e-17,0.5,-0.2617993877991494,0.06444421843332207
0.2500000028049669,0.020635575786187133,-1.5707963267948968,3.061616997868383e-17,0.5,0.2617993877991494,0.06842443807724274
0.2500000028049669,0.020635575786187133,-1.5707963267948968,-0.12940952255126043,0.48296291314453416,0.2617993877991494,0.03737467523150823
0.2500000028049669,0.020635575786187133,-1.5707963267948968,-0.12940952255126043,0.48296291314453416,0.0,0.048453884263107136
0.2500000028049669,0.020635575786187133,-1.5707963267948968,-0.12940952255126043,0.48296291314453416,0.5235987755982988,0.08659365180206408
0.2500000028049669,0.020635575786187133,-1.5707963267948968,-0.2499999999999999,0.43301270189221935,0.2617993877991494,0.03631906695224164
0.2500000028049669,0.020635575786187133,-1.5707963267948968,-0.2499999999999999,0.43301270189221935,0.5235987755982988,0.049760857816611256
0.2500000028049669,0.020635575786187133,-1.5707963267948968,-0.2499999999999999,0.43301270189221935,0.0,0.08615832382373595
0.2500000028049669,0.020635575786187133,-1.5707963267948968,-0.35355339059327373,0.3535533905932738,0.5235987755982988,0.039960413870270946
0.2500000028049669,0.020635575786187133,-1.5707963267948968,-0.35355339059327373,0.3535533905932738,0.2617993877991494,0.07256761924451759
0.2500000028049669,0.020635575786187133,-1.5707963267948968,-0.35355339059327373,0.3535533905932738,0.7853981633974483,0.07345538952496089
0.2500000028049669,0.020635575786187133,-1.5707963267948968,-0.43301270189221935,0.24999999999999997,0.7853981633974483,0.04732505506445785
0.2500000028049669,0.020635575786187133,-1.5707963267948968,-0.43301270189221935,0.24999999999999997,0.5235987755982988,0.05365445979745947
0.2500000028049669,0.020635575786187133,-1.5707963267948968,-0.43301270189221935,0.24999999999999997,1.0471975511965976,0.09295121291812598
0.2500000028049669,0.020635575786187133,-1.5707963267948968,-0.4829629131445341,0.1294095225512605,0.7853981633974483,0.03922443718137756
0.2500000028049669,0.020635575786187133,-1.5707963267948968,-0.4829629131445341,0.1294095225512605,1.0471975511965976,0.06568019119846484
0.2500000028049669,0.020635575786187133,-1.5707963267948968,-0.4829629131445341,0.1294095225512605,0.5235987755982988,0.08311955258409189
0.2500000028049669,0.020635575786187133,-1.5707963267948968,-0.5,6.123233995736766e-17,0.7853981633974483,0.04641324747102119
0.2500000028049669,0.020635575786187133,-1.5707963267948968,-0.5,6.123233995736766e-17,1.0471975511965976,0.05092632460265254
0.2500000028049669,0.020635575786187133,-1.5707963267948968,-0.5,6.123233995736766e-17,1.3089969389957472,0.09671654644942931
-0.24999998229387188,0.020635575786187133,1.5707963267948966,0.5,0.0,-1.0471975511965976,0.04537760734965021
-0.24999998229387188,0.020635575786187133,1.5707963267948966,0.5,0.0,-0.7853981633974483,0.05170038858326074
-0.24999998229387188,0.020635575786187133,1.5707963267948966,0.5,0.0,-1.3089969389957472,0.09223174289252507
-0.24999998229387188,0.020635575786187133,1.5707963267948966,0.48296291314453416,0.12940952255126037,-0.7853981633974483,0.038808636807086475
-0.24999998229387188,0.020635575786187133,1.5707963267948966,0.48296291314453416,0.12940952255126037,-1.0471975511965976,0.06839889897474133
-0.24999998229387188,0.020635575786187133,1.5707963267948966,0.48296291314453416,0.12940952255126037,-0.5235987755982988,0.08095713194802481
-0.24999998229387188,0.020635575786187133,1.5707963267948966,0.43301270189221935,0.24999999999999997,-0.7853981633974483,0.04585804543883783
-0.24999998229387188,0.020635575786187133,1.5707963267948966,0.43301270189221935,0.24999999999999997,-0.5235987755982988,0.048323072320349165
-0.24999998229387188,0.020635575786187133,1.5707963267948966,0.43301270189221935,0.24999999999999997,-1.0471975511965976,0.08907328857803833
-0.24999998229387188,0.020635575786187133,1.5707963267948966,0.3535533905932738,0.35355339059327373,-0.5235987755982988,0.03852059705178407
-0.24999998229387188,0.020635575786187133,1.5707963267948966,0.3535533905932738,0.35355339059327373,-0.2617993877991494,0.06646303153278783
-0.24999998229387188,0.020635575786187133,1.5707963267948966,0.3535533905932738,0.35355339059327373,-0.7853981633974483,0.0733301767396174
-0.24999998229387188,0.020635575786187133,1.5707963267948966,0.25000000000000006,0.4330127018922193,-0.2617993877991494,0.03260989210171917
-0.24999998229387188,0.020635575786187133,1.5707963267948966,0.25000000000000006,0.4330127018922193,-0.5235987755982988,0.051447037561335514
-0.24999998229387188,0.020635575786187133,1.5707963267948966,0.25000000000000006,0.4330127018922193,0.0,0.07921347620137605
-0.24999998229387188,0.020635575786187133,1.5707963267948966,0.12940952255126037,0.48296291314453416,-0.2617993877991494,0.03951657430458638
-0.24999998229387188,0.020635575786187133,1.5707963267948966,0.12940952255126037,0.48296291314453416,0.0,0.043319413509702566
-0.24999998229387188,0.020635575786187133,1.5707963267948966,0.12940952255126037,0.48296291314453416,-0.5235987755982988,0.08521806469785592
-0.24999998229387188,0.020635575786187133,1.5707963267948966,3.061616997868383e-17,0.5,0.0,0.03195630549502871
-0.24999998229387188,0.020635575786187133,1.5707963267948966,3.061616997868383e-17,0.5,0.2617993877991494,0.058870448206213996
-0.24999998229387188,0.020635575786187133,1.5707963267948966,3.061616997868383e-17,0.5,-0.2617993877991494,0.07036723284883463
-0.24999998229387188,0.020635575786187133,1.5707963267948966,-0.12940952255126043,0.48296291314453416,0.2617993877991494,0.03249466013999942
-0.24999998229387188,0.020635575786187133,1.5707963267948966,-0.12940952255126043,0.48296291314453416,0.0,0.0555581212331994
-0.24999998229387188,0.020635575786187133,1.5707963267948966,-0.12940952255126043,0.48296291314453416,0.5235987755982988,0.07571724077967217
-0.24999998229387188,0.020635575786187133,1.5707963267948966,-0.2499999999999999,0.43301270189221935,0.2617993877991494,0.042179511868755334
-0.24999998229387188,0.020635575786187133,1.5707963267948966,-0.2499999999999999,0.43301270189221935,0.5235987755982988,0.0421970298527281
-0.24999998229387188,0.020635575786187133,1.5707963267948966,-0.2499999999999999,0.43301270189221935,0.0,0.09005270708236293
-0.24999998229387188,0.020635575786187133,1.5707963267948966,-0.35355339059327373,0.3535533905932738,0.5235987755982988,0.032698541087016426
-0.24999998229387188,0.020635575786187133,1.5707963267948966,-0.35355339059327373,0.3535533905932738,0.7853981633974483,0.06405804150814251
-0.24999998229387188,0.020635575786187133,1.5707963267948966,-0.35355339059327373,0.3535533905932738,0.2617993877991494,0.07376957604325932
-0.24999998229387188,0.020635575786187133,1.5707963267948966,-0.43301270189221935,0.24999999999999997,0.7853981633974483,0.03662537341605479
-0.24999998229387188,0.020635575786187133,1.5707963267948966,-0.43301270189221935,0.24999999999999997,0.5235987755982988,0.05330258096676771
-0.24999998229387188,0.020635575786187133,1.5707963267948966,-0.43301270189221935,0.24999999999999997,1.0471975511965976,0.085415536996871
-0.24999998229387188,0.020635575786187133,1.5707963267948966,-0.4829629131445341,0.1294095225512605,0.7853981633974483,0.0426060114081834
-0.24999998229387188,0.020635575786187133,1.5707963267948966,-0.4829629131445341,0.1294095225512605,1.0471975511965976,0.062319390279709945
-0.24999998229387188,0.020635575786187133,1.5707963267948966,-0.4829629131445341,0.1294095225512605,0.5235987755982988,0.08968704303930806
-0.24999998229387188,0.020635575786187133,1.5707963267948966,-0.5,6.123233995736766e-17,1.0471975511965976,0.05185383587944238
-0.24999998229387188,0.020635575786187133,1.5707963267948966,-0.5,6.123233995736766e-17,0.7853981633974483,0.0645301850315789
-0.24999998229387188,0.020635575786187133,1.5707963267948966,-0.5,6.123233995736766e-17,1.3089969389957472,0.09174908684253218
