push_x,push_y,push_ori,trans_x,trans_y,rot,deformation
-0.23125000298023224,-0.18125000596046448,3.141592653589793,0.5,0.0,-0.5235987755982988,0.029040919362594782
-0.23125000298023224,-0.18125000596046448,3.141592653589793,0.5,0.0,-0.2617993877991494,0.0387328366527166
-0.23125000298023224,-0.18125000596046448,3.141592653589793,0.5,0.0,-0.7853981633974483,0.08935930182314897
-0.23125000298023224,-0.18125000596046448,3.141592653589793,0.48296291314453416,0.12940952255126037,-0.2617993877991494,0.011464039839132889
-0.23125000298023224,-0.18125000596046448,3.141592653589793,0.48296291314453416,0.12940952255126037,0.0,0.05965810294240633
-0.23125000298023224,-0.18125000596046448,3.141592653589793,0.48296291314453416,0.12940952255126037,-0.5235987755982988,0.06305375384178467
-0.23125000298023224,-0.18125000596046448,3.141592653589793,0.43301270189221935,0.24999999999999997,0.0,0.013529853922889022
-0.23125000298023224,-0.18125000596046448,3.141592653589793,0.43301270189221935,0.24999999999999997,-0.2617993877991494,0.04415750086679723
-0.23125000298023224,-0.18125000596046448,3.141592653589793,0.43301270189221935,0.24999999999999997,0.2617993877991494,0.08418570934503233
-0.23125000298023224,-0.18125000596046448,3.141592653589793,0.3535533905932738,0.35355339059327373,0.0,0.026412879474241747
-0.23125000298023224,-0.18125000596046448,3.141592653589793,0.3535533905932738,0.35355339059327373,0.2617993877991494,0.031377212837484666
-0.23125000298023224,-0.18125000596046448,3.141592653589793,0.3535533905932738,0.35355339059327373,-0.2617993877991494,0.08944116842523417
-0.23125000298023224,-0.18125000596046448,3.141592653589793,0.25000000000000006,0.4330127018922193,0.2617993877991494,0.011361602456520754
-0.23125000298023224,-0.18125000596046448,3.141592653589793,0.25000000000000006,0.4330127018922193,0.5235987755982988,0.05017553732716325
-0.23125000298023224,-0.18125000596046448,3.141592653589793,0.25000000000000006,0.4330127018922193,0.0,0.06550274456748996
-0.23125000298023224,-0.18125000596046448,3.141592653589793,0.12940952255126037,0.48296291314453416,0.5235987755982988,0.013746934358186746
-0.23125000298023224,-0.18125000596046448,3.141592653589793,0.12940952255126037,0.48296291314453416,0.2617993877991494,0.04775026918627342
-0.23125000298023224,-0.18125000596046448,3.141592653589793,0.12940952255126037,0.48296291314453416,0.7853981633974483,0.07547756606824264
-0.23125000298023224,-0.18125000596046448,3.141592653589793,3.061616997868383e-17,0.5,0.5235987755982988,0.026233269506857716
-0.23125000298023224,-0.18125000596046448,3.141592653589793,3.061616997868383e-17,0.5,0.7853981633974483,0.0351140099694748
-0.23125000298023224,-0.18125000596046448,3.141592653589793,3.061616997868383e-17,0.5,0.2617993877991494,0.09400813351987623
-0.23125000298023224,-0.18125000596046448,3.141592653589793,-0.12940952255126043,0.48296291314453416,0.7853981633974483,0.010775251839439535
-0.23125000298023224,-0.18125000596046448,3.141592653589793,-0.12940952255126043,0.48296291314453416,1.0471975511965976,0.06354440898367808
-0.23125000298023224,-0.18125000596046448,3.141592653589793,-0.12940952255126043,0.48296291314453416,0.5235987755982988,0.06456465436134032
-0.23125000298023224,-0.18125000596046448,3.141592653589793,-0.2499999999999999,0.43301270189221935,0.7853981633974483,0.0315385612603493
-0.23125000298023224,-0.18125000596046448,3.141592653589793,-0.2499999999999999,0.43301270189221935,1.0471975511965976,0.034289289435353476
-0.23125000298023224,-0.18125000596046448,3.141592653589793,-0.2499999999999999,0.43301270189221935,1.3089969389957472,0.09663220966213203
-0.23125000298023224,-0.18125000596046448,3.141592653589793,-0.35355339059327373,0.3535533905932738,1.0471975511965976,0.014131323808436942
-0.23125000298023224,-0.18125000596046448,3.141592653589793,-0.35355339059327373,0.3535533905932738,0.7853981633974483,0.06372926220311106
-0.23125000298023224,-0.18125000596046448,3.141592653589793,-0.35355339059327373,0.3535533905932738,1.3089969389957472,0.07464210857353926
-0.23125000298023224,-0.18125000596046448,3.141592653589793,-0.43301270189221935,0.24999999999999997,1.0471975511965976,0.026810008175770797
-0.23125000298023224,-0.18125000596046448,3.141592653589793,-0.43301270189221935,0.24999999999999997,1.3089969389957472,0.05163899812179416
-0.23125000298023224,-0.18125000596046448,3.141592653589793,-0.43301270189221935,0.24999999999999997,0.7853981633974483,0.10179113410180643
-0.23125000298023224,-0.18125000596046448,3.141592653589793,-0.4829629131445341,0.1294095225512605,1.3089969389957472,0.05780681572675067
-0.23125000298023224,-0.18125000596046448,3.141592653589793,-0.4829629131445341,0.1294095225512605,1.0471975511965976,0.0826436378826104
-0.23125000298023224,-0.18125000596046448,3.141592653589793,-0.4829629131445341,0.1294095225512605,1.5707963267948966,0.1089409480235281
-0.23125000298023224,-0.18125000596046448,3.141592653589793,-0.5,6.123233995736766e-17,1.3089969389957472,0.11873164045076941
-0.23125000298023224,-0.18125000596046448,3.141592653589793,-0.5,6.123233995736766e-17,1.5707963267948966,0.1309108383627899
-0.23125000298023224,-0.18125000596046448,3.141592653589793,-0.5,6.123233995736766e-17,1.0471975511965976,0.1329081199298896
0.0,-0.18125000596046448,3.141592653589793,0.5,0.0,-1.0471975511965976,0.028797938460010594
0.0,-0.18125000596046448,3.141592653589793,0.5,0.0,-1.3089969389957472,0.04398030834895601
0.0,-0.18125000596046448,3.141592653589793,0.5,0.0,-0.7853981633974483,0.05392151695612177
0.0,-0.18125000596046448,3.141592653589793,0.48296291314453416,0.12940952255126037,-0.7853981633974483,0.026171229802317963
0.0,-0.18125000596046448,3.141592653589793,0.48296291314453416,0.12940952255126037,-1.0471975511965976,0.027529697605374666
0.0,-0.18125000596046448,3.141592653589793,0.48296291314453416,0.12940952255126037,-1.3089969389957472,0.0638711839143343
0.0,-0.18125000596046448,3.141592653589793,0.43301270189221935,0.24999999999999997,-0.5235987755982988,0.018236091879198956
0.0,-0.18125000596046448,3.141592653589793,0.43301270189221935,0.24999999999999997,-0.7853981633974483,0.020462292034002842
0.0,-0.18125000596046448,3.141592653589793,0.43301270189221935,0.24999999999999997,-1.0471975511965976,0.0491863431088314
0.0,-0.18125000596046448,3.141592653589793,0.3535533905932738,0.35355339059327373,-0.5235987755982988,0.024214935983322645
0.0,-0.18125000596046448,3.141592653589793,0.3535533905932738,0.35355339059327373,-0.2617993877991494,0.03619734860232215
0.0,-0.18125000596046448,3.141592653589793,0.3535533905932738,0.35355339059327373,-0.7853981633974483,0.03769336601754154
0.0,-0.18125000596046448,3.141592653589793,0.25000000000000006,0.4330127018922193,-0.2617993877991494,0.024232949793710972
0.0,-0.18125000596046448,3.141592653589793,0.25000000000000006,0.4330127018922193,-0.5235987755982988,0.02454048041038275
0.0,-0.18125000596046448,3.141592653589793,0.25000000000000006,0.4330127018922193,0.0,0.04565827423286268
0.0,-0.18125000596046448,3.141592653589793,0.12940952255126037,0.48296291314453416,0.0,0.01593143759190664
0.0,-0.18125000596046448,3.141592653589793,0.12940952255126037,0.48296291314453416,-0.2617993877991494,0.023918351948420773
0.0,-0.18125000596046448,3.141592653589793,0.12940952255126037,0.48296291314453416,-0.5235987755982988,0.038548451678014885
0.0,-0.18125000596046448,3.141592653589793,3.061616997868383e-17,0.5,0.0,0.012117521641618114
0.0,-0.18125000596046448,3.141592653589793,3.061616997868383e-17,0.5,0.2617993877991494,0.025470531507861285
0.0,-0.18125000596046448,3.141592653589793,3.061616997868383e-17,0.5,-0.2617993877991494,0.034533351112113905
0.0,-0.18125000596046448,3.141592653589793,-0.12940952255126043,0.48296291314453416,0.2617993877991494,0.013418898978050429
0.0,-0.18125000596046448,3.141592653589793,-0.12940952255126043,0.48296291314453416,0.0,0.017018858393210583
0.0,-0.18125000596046448,3.141592653589793,-0.12940952255126043,0.48296291314453416,0.5235987755982988,0.037742937344934765
0.0,-0.18125000596046448,3.141592653589793,-0.2499999999999999,0.43301270189221935,0.2617993877991494,0.01027599882590356
0.0,-0.18125000596046448,3.141592653589793,-0.2499999999999999,0.43301270189221935,0.5235987755982988,0.024699490331944136
0.0,-0.18125000596046448,3.141592653589793,-0.2499999999999999,0.43301270189221935,0.0,0.043437168961864406
0.0,-0.18125000596046448,3.141592653589793,-0.35355339059327373,0.3535533905932738,0.5235987755982988,0.010053784713268706
0.0,-0.18125000596046448,3.141592653589793,-0.35355339059327373,0.3535533905932738,0.7853981633974483,0.03245327189817267
0.0,-0.18125000596046448,3.141592653589793,-0.35355339059327373,0.3535533905932738,0.2617993877991494,0.036275578140680755
0.0,-0.18125000596046448,3.141592653589793,-0.43301270189221935,0.24999999999999997,0.7853981633974483,0.02064777139464624
0.0,-0.18125000596046448,3.141592653589793,-0.43301270189221935,0.24999999999999997,0.5235987755982988,0.025541723763485447
0.0,-0.18125000596046448,3.141592653589793,-0.43301270189221935,0.24999999999999997,1.0471975511965976,0.04682507748905832
0.0,-0.18125000596046448,3.141592653589793,-0.4829629131445341,0.1294095225512605,0.7853981633974483,0.023227933259227253
0.0,-0.18125000596046448,3.141592653589793,-0.4829629131445341,0.1294095225512605,1.0471975511965976,0.027601336326905385
0.0,-0.18125000596046448,3.141592653589793,-0.4829629131445341,0.1294095225512605,1.3089969389957472,0.05566167771869425
0.0,-0.18125000596046448,3.141592653589793,-0.5,6.123233995736766e-17,1.0471975511965976,0.028066940375676013
0.0,-0.18125000596046448,3.141592653589793,-0.5,6.123233995736766e-17,1.3089969389957472,0.03454344559736703
0.0,-0.18125000596046448,3.141592653589793,-0.5,6.123233995736766e-17,0.7853981633974483,0.05256209360713091
0.20624999701976776,-0.18125000596046448,3.141592653589793,0.5,0.0,-1.3089969389957472,0.08838892450936664
0.20624999701976776,-0.18125000596046448,3.141592653589793,0.5,0.0,-1.5707963267948966,0.10890699483580508
0.20624999701976776,-0.18125000596046448,3.141592653589793,0.5,0.0,-1.0471975511965976,0.11209828957822257
0.20624999701976776,-0.18125000596046448,3.141592653589793,0.48296291314453416,0.12940952255126037,-1.3089969389957472,0.057737384833574934
0.20624999701976776,-0.18125000596046448,3.141592653589793,0.48296291314453416,0.12940952255126037,-1.0471975511965976,0.05983142971886151
0.20624999701976776,-0.18125000596046448,3.141592653589793,0.48296291314453416,0.12940952255126037,-1.5707963267948966,0.10077933346342552
0.20624999701976776,-0.18125000596046448,3.141592653589793,0.43301270189221935,0.24999999999999997,-1.0471975511965976,0.013856975953564062
0.20624999701976776,-0.18125000596046448,3.141592653589793,0.43301270189221935,0.24999999999999997,-1.3089969389957472,0.05450275567469057
0.20624999701976776,-0.18125000596046448,3.141592653589793,0.43301270189221935,0.24999999999999997,-0.7853981633974483,0.08843612466721956
0.20624999701976776,-0.18125000596046448,3.141592653589793,0.3535533905932738,0.35355339059327373,-1.0471975511965976,0.020893917032696115
0.20624999701976776,-0.18125000596046448,3.141592653589793,0.3535533905932738,0.35355339059327373,-0.7853981633974483,0.05311662604189898
0.20624999701976776,-0.18125000596046448,3.141592653589793,0.3535533905932738,0.35355339059327373,-1.3089969389957472,0.07024215439618645
0.20624999701976776,-0.18125000596046448,3.141592653589793,0.25000000000000006,0.4330127018922193,-0.7853981633974483,0.018508606229266557
0.20624999701976776,-0.18125000596046448,3.141592653589793,0.25000000000000006,0.4330127018922193,-1.0471975511965976,0.041182478020810105
0.20624999701976776,-0.18125000596046448,3.141592653589793,0.25000000000000006,0.4330127018922193,-0.5235987755982988,0.09390077480346788
0.20624999701976776,-0.18125000596046448,3.141592653589793,0.12940952255126037,0.48296291314453416,-0.7853981633974483,0.019529187817535265
0.20624999701976776,-0.18125000596046448,3.141592653589793,0.12940952255126037,0.48296291314453416,-0.5235987755982988,0.048608844903406556
0.20624999701976776,-0.18125000596046448,3.141592653589793,0.12940952255126037,0.48296291314453416,-1.0471975511965976,0.07028707866685716
0.20624999701976776,-0.18125000596046448,3.141592653589793,3.061616997868383e-17,0.5,-0.5235987755982988,0.01105696910412369
0.20624999701976776,-0.18125000596046448,3.141592653589793,3.061616997868383e-17,0.5,-0.7853981633974483,0.04362626360740968
0.20624999701976776,-0.18125000596046448,3.141592653589793,3.061616997868383e-17,0.5,-0.2617993877991494,0.0700218561395378
0.20624999701976776,-0.18125000596046448,3.141592653589793,-0.12940952255126043,0.48296291314453416,-0.2617993877991494,0.023351446418864295
0.20624999701976776,-0.18125000596046448,3.141592653589793,-0.12940952255126043,0.48296291314453416,-0.5235987755982988,0.02597495903403072
0.20624999701976776,-0.18125000596046448,3.141592653589793,-0.12940952255126043,0.48296291314453416,-0.7853981633974483,0.08025232837414975
0.20624999701976776,-0.18125000596046448,3.141592653589793,-0.2499999999999999,0.43301270189221935,-0.2617993877991494,0.009967829136844197
0.20624999701976776,-0.18125000596046448,3.141592653589793,-0.2499999999999999,0.43301270189221935,0.0,0.03807383936287355
0.20624999701976776,-0.18125000596046448,3.141592653589793,-0.2499999999999999,0.43301270189221935,-0.5235987755982988,0.05867349316667596
0.20624999701976776,-0.18125000596046448,3.141592653589793,-0.35355339059327373,0.3535533905932738,0.0,0.015565331465000557
0.20624999701976776,-0.18125000596046448,3.141592653589793,-0.35355339059327373,0.3535533905932738,-0.2617993877991494,0.03575749256906501
0.20624999701976776,-0.18125000596046448,3.141592653589793,-0.35355339059327373,0.3535533905932738,0.2617993877991494,0.07353712723363626
0.20624999701976776,-0.18125000596046448,3.141592653589793,-0.43301270189221935,0.24999999999999997,0.0,0.01744098782433026
0.20624999701976776,-0.18125000596046448,3.141592653589793,-0.43301270189221935,0.24999999999999997,0.2617993877991494,0.036959991318960474
0.20624999701976776,-0.18125000596046448,3.141592653589793,-0.43301270189221935,0.24999999999999997,-0.2617993877991494,0.07905163998905831
0.20624999701976776,-0.18125000596046448,3.141592653589793,-0.4829629131445341,0.1294095225512605,0.2617993877991494,0.008814892186106156
0.20624999701976776,-0.18125000596046448,3.141592653589793,-0.4829629131445341,0.1294095225512605,0.5235987755982988,0.05152286253902765
0.20624999701976776,-0.18125000596046448,3.141592653589793,-0.4829629131445341,0.1294095225512605,0.0,0.06078971978492975
0.20624999701976776,-0.18125000596046448,3.141592653589793,-0.5,6.123233995736766e-17,0.5235987755982988,0.01866363743178872
0.20624999701976776,-0.18125000596046448,3.141592653589793,-0.5,6.123233995736766e-17,0.2617993877991494,0.039303357467174956
0.20624999701976776,-0.18125000596046448,3.141592653589793,-0.5,6.123233995736766e-17,0.7853981633974483,0.07409587387098572
-0.29374998807907104,-0.11874999850988388,1.5707963267948966,0.5,0.0,-1.0471975511965976,0.011371226655277794
-0.29374998807907104,-0.11874999850988388,1.5707963267948966,0.5,0.0,-0.7853981633974483,0.0785956730702219
-0.29374998807907104,-0.11874999850988388,1.5707963267948966,0.5,0.0,-1.3089969389957472,0.08053176158459244
-0.29374998807907104,-0.11874999850988388,1.5707963267948966,0.48296291314453416,0.12940952255126037,-1.0471975511965976,0.03295519485950044
-0.29374998807907104,-0.11874999850988388,1.5707963267948966,0.48296291314453416,0.12940952255126037,-0.7853981633974483,0.044106758927575825
-0.29374998807907104,-0.11874999850988388,1.5707963267948966,0.48296291314453416,0.12940952255126037,-1.3089969389957472,0.08915783680516838
-0.29374998807907104,-0.11874999850988388,1.5707963267948966,0.43301270189221935,0.24999999999999997,-0.7853981633974483,0.01226774925211516
-0.29374998807907104,-0.11874999850988388,1.5707963267948966,0.43301270189221935,0.24999999999999997,-1.0471975511965976,0.05307329707013827
-0.29374998807907104,-0.11874999850988388,1.5707963267948966,0.43301270189221935,0.24999999999999997,-0.5235987755982988,0.08888263413142562
-0.29374998807907104,-0.11874999850988388,1.5707963267948966,0.3535533905932738,0.35355339059327373,-0.7853981633974483,0.02624735496173896
-0.29374998807907104,-0.11874999850988388,1.5707963267948966,0.3535533905932738,0.35355339059327373,-0.5235987755982988,0.042093075183116356
-0.29374998807907104,-0.11874999850988388,1.5707963267948966,0.3535533905932738,0.35355339059327373,-1.0471975511965976,0.0746101971506328
-0.29374998807907104,-0.11874999850988388,1.5707963267948966,0.25000000000000006,0.4330127018922193,-0.5235987755982988,0.010237181473799203
-0.29374998807907104,-0.11874999850988388,1.5707963267948966,0.25000000000000006,0.4330127018922193,-0.7853981633974483,0.05166680968094893
-0.29374998807907104,-0.11874999850988388,1.5707963267948966,0.25000000000000006,0.4330127018922193,-0.2617993877991494,0.07456467940698874
-0.29374998807907104,-0.11874999850988388,1.5707963267948966,0.12940952255126037,0.48296291314453416,-0.2617993877991494,0.030456025721663137
-0.29374998807907104,-0.11874999850988388,1.5707963267948966,0.12940952255126037,0.48296291314453416,-0.5235987755982988,0.03197477206282059
-0.29374998807907104,-0.11874999850988388,1.5707963267948966,0.12940952255126037,0.48296291314453416,-0.7853981633974483,0.08258007638269402
-0.29374998807907104,-0.11874999850988388,1.5707963267948966,3.061616997868383e-17,0.5,-0.2617993877991494,0.010515966764206764
-0.29374998807907104,-0.11874999850988388,1.5707963267948966,3.061616997868383e-17,0.5,0.0,0.05569477608754739
-0.29374998807907104,-0.11874999850988388,1.5707963267948966,3.061616997868383e-17,0.5,-0.5235987755982988,0.05742615998376171
-0.29374998807907104,-0.11874999850988388,1.5707963267948966,-0.12940952255126043,0.48296291314453416,0.0,0.01867827416317044
-0.29374998807907104,-0.11874999850988388,1.5707963267948966,-0.12940952255126043,0.48296291314453416,-0.2617993877991494,0.04060781378495066
-0.29374998807907104,-0.11874999850988388,1.5707963267948966,-0.12940952255126043,0.48296291314453416,0.2617993877991494,0.07645138443632916
-0.29374998807907104,-0.11874999850988388,1.5707963267948966,-0.2499999999999999,0.43301270189221935,0.0,0.017958941361821197
-0.29374998807907104,-0.11874999850988388,1.5707963267948966,-0.2499999999999999,0.43301270189221935,0.2617993877991494,0.03964483854921666
-0.29374998807907104,-0.11874999850988388,1.5707963267948966,-0.2499999999999999,0.43301270189221935,-0.2617993877991494,0.08591170298213091
-0.29374998807907104,-0.11874999850988388,1.5707963267948966,-0.35355339059327373,0.3535533905932738,0.2617993877991494,0.009877056356629126
-0.29374998807907104,-0.11874999850988388,1.5707963267948966,-0.35355339059327373,0.3535533905932738,0.0,0.05816032960944469
-0.29374998807907104,-0.11874999850988388,1.5707963267948966,-0.35355339059327373,0.3535533905932738,0.5235987755982988,0.06097567827971677
-0.29374998807907104,-0.11874999850988388,1.5707963267948966,-0.43301270189221935,0.24999999999999997,0.5235987755982988,0.02841369193329756
-0.29374998807907104,-0.11874999850988388,1.5707963267948966,-0.43301270189221935,0.24999999999999997,0.2617993877991494,0.03537932505679917
-0.29374998807907104,-0.11874999850988388,1.5707963267948966,-0.43301270189221935,0.24999999999999997,0.7853981633974483,0.08475948337143176
-0.29374998807907104,-0.11874999850988388,1.5707963267948966,-0.4829629131445341,0.1294095225512605,0.5235987755982988,0.013052055093457292
-0.29374998807907104,-0.11874999850988388,1.5707963267948966,-0.4829629131445341,0.1294095225512605,0.7853981633974483,0.04980268384812667
-0.29374998807907104,-0.11874999850988388,1.5707963267948966,-0.4829629131445341,0.1294095225512605,0.2617993877991494,0.0922386802380687
-0.29374998807907104,-0.11874999850988388,1.5707963267948966,-0.5,6.123233995736766e-17,0.7853981633974483,0.012271355008781222
-0.29374998807907104,-0.11874999850988388,1.5707963267948966,-0.5,6.123233995736766e-17,0.5235987755982988,0.06227318443005687
-0.29374998807907104,-0.11874999850988388,1.5707963267948966,-0.5,6.123233995736766e-17,1.0471975511965976,0.07261649275549174
-0.29374998807907104,2.7755575615628914e-17,1.5707963267948966,0.5,0.0,-0.7853981633974483,0.022292539543812027
-0.29374998807907104,2.7755575615628914e-17,1.5707963267948966,0.5,0.0,-1.0471975511965976,0.03898883857012433
-0.29374998807907104,2.7755575615628914e-17,1.5707963267948966,0.5,0.0,-1.3089969389957472,0.08422100193047502
-0.29374998807907104,2.7755575615628914e-17,1.5707963267948966,0.48296291314453416,0.12940952255126037,-0.7853981633974483,0.016139366837296498
-0.29374998807907104,2.7755575615628914e-17,1.5707963267948966,0.48296291314453416,0.12940952255126037,-1.0471975511965976,0.058164364136722234
-0.29374998807907104,2.7755575615628914e-17,1.5707963267948966,0.48296291314453416,0.12940952255126037,-0.5235987755982988,0.058185533154340434
-0.29374998807907104,2.7755575615628914e-17,1.5707963267948966,0.43301270189221935,0.24999999999999997,-0.5235987755982988,0.016227362817361035
-0.29374998807907104,2.7755575615628914e-17,1.5707963267948966,0.43301270189221935,0.24999999999999997,-0.7853981633974483,0.036485580457947704
-0.29374998807907104,2.7755575615628914e-17,1.5707963267948966,0.43301270189221935,0.24999999999999997,-1.0471975511965976,0.07777406146332794
-0.29374998807907104,2.7755575615628914e-17,1.5707963267948966,0.3535533905932738,0.35355339059327373,-0.5235987755982988,0.015007986839491803
-0.29374998807907104,2.7755575615628914e-17,1.5707963267948966,0.3535533905932738,0.35355339059327373,-0.2617993877991494,0.04833319576375725
-0.29374998807907104,2.7755575615628914e-17,1.5707963267948966,0.3535533905932738,0.35355339059327373,-0.7853981633974483,0.05418386467857939
-0.29374998807907104,2.7755575615628914e-17,1.5707963267948966,0.25000000000000006,0.4330127018922193,-0.2617993877991494,0.011895095866030608
-0.29374998807907104,2.7755575615628914e-17,1.5707963267948966,0.25000000000000006,0.4330127018922193,-0.5235987755982988,0.03693041839735727
-0.29374998807907104,2.7755575615628914e-17,1.5707963267948966,0.25000000000000006,0.4330127018922193,0.0,0.06985001576786909
-0.29374998807907104,2.7755575615628914e-17,1.5707963267948966,0.12940952255126037,0.48296291314453416,-0.2617993877991494,0.01811141491361647
-0.29374998807907104,2.7755575615628914e-17,1.5707963267948966,0.12940952255126037,0.48296291314453416,0.0,0.029463455785501226
-0.29374998807907104,2.7755575615628914e-17,1.5707963267948966,0.12940952255126037,0.48296291314453416,-0.5235987755982988,0.061197724287048394
-0.29374998807907104,2.7755575615628914e-17,1.5707963267948966,3.061616997868383e-17,0.5,0.0,0.010319229112364797
-0.29374998807907104,2.7755575615628914e-17,1.5707963267948966,3.061616997868383e-17,0.5,-0.2617993877991494,0.04264105219164669
-0.29374998807907104,2.7755575615628914e-17,1.5707963267948966,3.061616997868383e-17,0.5,0.2617993877991494,0.04740790061712478
-0.29374998807907104,2.7755575615628914e-17,1.5707963267948966,-0.12940952255126043,0.48296291314453416,0.0,0.023067303537578056
-0.29374998807907104,2.7755575615628914e-17,1.5707963267948966,-0.12940952255126043,0.48296291314453416,0.2617993877991494,0.023790992103869313
-0.29374998807907104,2.7755575615628914e-17,1.5707963267948966,-0.12940952255126043,0.48296291314453416,0.5235987755982988,0.06285738506878624
-0.29374998807907104,2.7755575615628914e-17,1.5707963267948966,-0.2499999999999999,0.43301270189221935,0.2617993877991494,0.009241239903336864
-0.29374998807907104,2.7755575615628914e-17,1.5707963267948966,-0.2499999999999999,0.43301270189221935,0.5235987755982988,0.03912845444828139
-0.29374998807907104,2.7755575615628914e-17,1.5707963267948966,-0.2499999999999999,0.43301270189221935,0.0,0.06512156068800179
-0.29374998807907104,2.7755575615628914e-17,1.5707963267948966,-0.35355339059327373,0.3535533905932738,0.5235987755982988,0.013771357948922558
-0.29374998807907104,2.7755575615628914e-17,1.5707963267948966,-0.35355339059327373,0.3535533905932738,0.2617993877991494,0.046115049690566456
-0.29374998807907104,2.7755575615628914e-17,1.5707963267948966,-0.35355339059327373,0.3535533905932738,0.7853981633974483,0.05874952304373885
-0.29374998807907104,2.7755575615628914e-17,1.5707963267948966,-0.43301270189221935,0.24999999999999997,0.5235987755982988,0.022986994121459634
-0.29374998807907104,2.7755575615628914e-17,1.5707963267948966,-0.43301270189221935,0.24999999999999997,0.7853981633974483,0.037684678988835305
-0.29374998807907104,2.7755575615628914e-17,1.5707963267948966,-0.43301270189221935,0.24999999999999997,1.0471975511965976,0.08462518424885705
-0.29374998807907104,2.7755575615628914e-17,1.5707963267948966,-0.4829629131445341,0.1294095225512605,0.7853981633974483,0.008117984768325575
-0.29374998807907104,2.7755575615628914e-17,1.5707963267948966,-0.4829629131445341,0.1294095225512605,1.0471975511965976,0.058403468408508026
-0.29374998807907104,2.7755575615628914e-17,1.5707963267948966,-0.4829629131445341,0.1294095225512605,0.5235987755982988,0.07093548872553802
-0.29374998807907104,2.7755575615628914e-17,1.5707963267948966,-0.5,6.123233995736766e-17,1.0471975511965976,0.03277748237221928
-0.29374998807907104,2.7755575615628914e-17,1.5707963267948966,-0.5,6.123233995736766e-17,0.7853981633974483,0.03471850379038665
-0.29374998807907104,2.7755575615628914e-17,1.5707963267948966,-0.5,6.123233995736766e-17,1.3089969389957472,0.08455624337923728
-0.29374998807907104,0.09375,1.5707963267948966,0.5,0.0,-0.7853981633974483,0.019461557760927742
-0.29374998807907104,0.09375,1.5707963267948966,0.5,0.0,-0.5235987755982988,0.060034969169895744
-0.29374998807907104,0.09375,1.5707963267948966,0.5,0.0,-1.0471975511965976,0.06840639548254906
-0.29374998807907104,0.09375,1.5707963267948966,0.48296291314453416,0.12940952255126037,-0.5235987755982988,0.010883478305894917
-0.29374998807907104,0.09375,1.5707963267948966,0.48296291314453416,0.12940952255126037,-0.7853981633974483,0.04491616350321978
-0.29374998807907104,0.09375,1.5707963267948966,0.48296291314453416,0.12940952255126037,-0.2617993877991494,0.09262604930377454
-0.29374998807907104,0.09375,1.5707963267948966,0.43301270189221935,0.24999999999999997,-0.5235987755982988,0.02208074183468304
-0.29374998807907104,0.09375,1.5707963267948966,0.43301270189221935,0.24999999999999997,-0.2617993877991494,0.03825785681990829
-0.29374998807907104,0.09375,1.5707963267948966,0.43301270189221935,0.24999999999999997,-0.7853981633974483,0.07010172453445584
-0.29374998807907104,0.09375,1.5707963267948966,0.3535533905932738,0.35355339059327373,-0.2617993877991494,0.009715767825532448
-0.29374998807907104,0.09375,1.5707963267948966,0.3535533905932738,0.35355339059327373,-0.5235987755982988,0.046822121013603925
-0.29374998807907104,0.09375,1.5707963267948966,0.3535533905932738,0.35355339059327373,0.0,0.05980734233873216
-0.29374998807907104,0.09375,1.5707963267948966,0.25000000000000006,0.4330127018922193,0.0,0.02206394491612539
-0.29374998807907104,0.09375,1.5707963267948966,0.25000000000000006,0.4330127018922193,-0.2617993877991494,0.02656212159292066
-0.29374998807907104,0.09375,1.5707963267948966,0.25000000000000006,0.4330127018922193,-0.5235987755982988,0.08113557949967942
-0.29374998807907104,0.09375,1.5707963267948966,0.12940952255126037,0.48296291314453416,0.0,0.009657582292378107
-0.29374998807907104,0.09375,1.5707963267948966,0.12940952255126037,0.48296291314453416,0.2617993877991494,0.04154240032267507
-0.29374998807907104,0.09375,1.5707963267948966,0.12940952255126037,0.48296291314453416,-0.2617993877991494,0.05372111365584579
-0.29374998807907104,0.09375,1.5707963267948966,3.061616997868383e-17,0.5,0.2617993877991494,0.017970676064810297
-0.29374998807907104,0.09375,1.5707963267948966,3.061616997868383e-17,0.5,0.0,0.03231473407183876
-0.29374998807907104,0.09375,1.5707963267948966,3.061616997868383e-17,0.5,0.5235987755982988,0.061919115187332736
-0.29374998807907104,0.09375,1.5707963267948966,-0.12940952255126043,0.48296291314453416,0.2617993877991494,0.015938480319347262
-0.29374998807907104,0.09375,1.5707963267948966,-0.12940952255126043,0.48296291314453416,0.5235987755982988,0.03673019477238515
-0.29374998807907104,0.09375,1.5707963267948966,-0.12940952255126043,0.48296291314453416,0.0,0.08234975986667875
-0.29374998807907104,0.09375,1.5707963267948966,-0.2499999999999999,0.43301270189221935,0.5235987755982988,0.010958541067023026
-0.29374998807907104,0.09375,1.5707963267948966,-0.2499999999999999,0.43301270189221935,0.2617993877991494,0.055147011422557984
-0.29374998807907104,0.09375,1.5707963267948966,-0.2499999999999999,0.43301270189221935,0.7853981633974483,0.05946218063531445
-0.29374998807907104,0.09375,1.5707963267948966,-0.35355339059327373,0.3535533905932738,0.5235987755982988,0.028399821544310325
-0.29374998807907104,0.09375,1.5707963267948966,-0.35355339059327373,0.3535533905932738,0.7853981633974483,0.030845692453375893
-0.29374998807907104,0.09375,1.5707963267948966,-0.35355339059327373,0.3535533905932738,1.0471975511965976,0.0818136795411463
-0.29374998807907104,0.09375,1.5707963267948966,-0.43301270189221935,0.24999999999999997,0.7853981633974483,0.0086730834525361
-0.29374998807907104,0.09375,1.5707963267948966,-0.43301270189221935,0.24999999999999997,1.0471975511965976,0.05528223614518287
-0.29374998807907104,0.09375,1.5707963267948966,-0.43301270189221935,0.24999999999999997,0.5235987755982988,0.07625944765415923
-0.29374998807907104,0.09375,1.5707963267948966,-0.4829629131445341,0.1294095225512605,1.0471975511965976,0.035271269418000115
-0.29374998807907104,0.09375,1.5707963267948966,-0.4829629131445341,0.1294095225512605,0.7853981633974483,0.037478822815322534
-0.29374998807907104,0.09375,1.5707963267948966,-0.4829629131445341,0.1294095225512605,1.3089969389957472,0.0913549281995707
-0.29374998807907104,0.09375,1.5707963267948966,-0.5,6.123233995736766e-17,1.0471975511965976,0.015027474804077692
-0.29374998807907104,0.09375,1.5707963267948966,-0.5,6.123233995736766e-17,0.7853981633974483,0.07078936914585192
-0.29374998807907104,0.09375,1.5707963267948966,-0.5,6.123233995736766e-17,1.3089969389957472,0.08032476474513549
-0.23125000298023224,0.18125000596046448,0.0,0.5,0.0,-1.3089969389957472,0.1033227843966046
-0.23125000298023224,0.18125000596046448,0.0,0.5,0.0,-1.0471975511965976,0.12513974382875223
-0.23125000298023224,0.18125000596046448,0.0,0.5,0.0,-1.5707963267948966,0.1262705004076996
-0.23125000298023224,0.18125000596046448,0.0,0.48296291314453416,0.12940952255126037,-1.3089969389957472,0.06579505450804249
-0.23125000298023224,0.18125000596046448,0.0,0.48296291314453416,0.12940952255126037,-1.0471975511965976,0.0830388146569748
-0.23125000298023224,0.18125000596046448,0.0,0.48296291314453416,0.12940952255126037,-1.5707963267948966,0.11031548587686775
-0.23125000298023224,0.18125000596046448,0.0,0.43301270189221935,0.24999999999999997,-1.0471975511965976,0.02814454105047112
-0.23125000298023224,0.18125000596046448,0.0,0.43301270189221935,0.24999999999999997,-1.3089969389957472,0.054817312684684434
-0.23125000298023224,0.18125000596046448,0.0,0.43301270189221935,0.24999999999999997,-0.7853981633974483,0.09761065603046945
-0.23125000298023224,0.18125000596046448,0.0,0.3535533905932738,0.35355339059327373,-1.0471975511965976,0.016270099677324932
-0.23125000298023224,0.18125000596046448,0.0,0.3535533905932738,0.35355339059327373,-0.7853981633974483,0.06360970734486508
-0.23125000298023224,0.18125000596046448,0.0,0.3535533905932738,0.35355339059327373,-1.3089969389957472,0.07711208864155887
-0.23125000298023224,0.18125000596046448,0.0,0.25000000000000006,0.4330127018922193,-0.7853981633974483,0.029632538413491023
-0.23125000298023224,0.18125000596046448,0.0,0.25000000000000006,0.4330127018922193,-1.0471975511965976,0.036642202875850245
-0.23125000298023224,0.18125000596046448,0.0,0.25000000000000006,0.4330127018922193,-1.3089969389957472,0.10011479618504683
-0.23125000298023224,0.18125000596046448,0.0,0.12940952255126037,0.48296291314453416,-0.7853981633974483,0.010870678482259841
-0.23125000298023224,0.18125000596046448,0.0,0.12940952255126037,0.48296291314453416,-1.0471975511965976,0.06479300533842551
-0.23125000298023224,0.18125000596046448,0.0,0.12940952255126037,0.48296291314453416,-0.5235987755982988,0.06515416358859277
-0.23125000298023224,0.18125000596046448,0.0,3.061616997868383e-17,0.5,-0.5235987755982988,0.025911073574096787
-0.23125000298023224,0.18125000596046448,0.0,3.061616997868383e-17,0.5,-0.7853981633974483,0.03673996257526762
-0.23125000298023224,0.18125000596046448,0.0,3.061616997868383e-17,0.5,-0.2617993877991494,0.09443549939716213
-0.23125000298023224,0.18125000596046448,0.0,-0.12940952255126043,0.48296291314453416,-0.5235987755982988,0.014787078775751283
-0.23125000298023224,0.18125000596046448,0.0,-0.12940952255126043,0.48296291314453416,-0.2617993877991494,0.04780318084090655
-0.23125000298023224,0.18125000596046448,0.0,-0.12940952255126043,0.48296291314453416,-0.7853981633974483,0.07467119419393957
-0.23125000298023224,0.18125000596046448,0.0,-0.2499999999999999,0.43301270189221935,-0.2617993877991494,0.012148405376233552
-0.23125000298023224,0.18125000596046448,0.0,-0.2499999999999999,0.43301270189221935,-0.5235987755982988,0.048266329327191125
-0.23125000298023224,0.18125000596046448,0.0,-0.2499999999999999,0.43301270189221935,0.0,0.06560360230472234
-0.23125000298023224,0.18125000596046448,0.0,-0.35355339059327373,0.3535533905932738,0.0,0.027202849171185046
-0.23125000298023224,0.18125000596046448,0.0,-0.35355339059327373,0.3535533905932738,-0.2617993877991494,0.03161634161044826
-0.23125000298023224,0.18125000596046448,0.0,-0.35355339059327373,0.3535533905932738,0.2617993877991494,0.08698800160989072
-0.23125000298023224,0.18125000596046448,0.0,-0.43301270189221935,0.24999999999999997,0.0,0.011547884230737064
-0.23125000298023224,0.18125000596046448,0.0,-0.43301270189221935,0.24999999999999997,0.2617993877991494,0.046752031310980706
-0.23125000298023224,0.18125000596046448,0.0,-0.43301270189221935,0.24999999999999997,-0.2617993877991494,0.08190917424279383
-0.23125000298023224,0.18125000596046448,0.0,-0.4829629131445341,0.1294095225512605,0.2617993877991494,0.012735279365696087
-0.23125000298023224,0.18125000596046448,0.0,-0.4829629131445341,0.1294095225512605,0.0,0.058685787313224796
-0.23125000298023224,0.18125000596046448,0.0,-0.4829629131445341,0.1294095225512605,0.5235987755982988,0.06661869154563448
-0.23125000298023224,0.18125000596046448,0.0,-0.5,6.123233995736766e-17,0.5235987755982988,0.02920047103242083
-0.23125000298023224,0.18125000596046448,0.0,-0.5,6.123233995736766e-17,0.2617993877991494,0.037422979186412804
-0.23125000298023224,0.18125000596046448,0.0,-0.5,6.123233995736766e-17,0.7853981633974483,0.0889912941326104
0.0,0.18125000596046448,0.0,0.5,0.0,-1.0471975511965976,0.027435509633209745
0.0,0.18125000596046448,0.0,0.5,0.0,-1.3089969389957472,0.05118817100558932
0.0,0.18125000596046448,0.0,0.5,0.0,-0.7853981633974483,0.055023677938224796
0.0,0.18125000596046448,0.0,0.48296291314453416,0.12940952255126037,-0.7853981633974483,0.024420356580341213
0.0,0.18125000596046448,0.0,0.48296291314453416,0.12940952255126037,-1.0471975511965976,0.028146071012907004
0.0,0.18125000596046448,0.0,0.48296291314453416,0.12940952255126037,-0.5235987755982988,0.061261264008140054
0.0,0.18125000596046448,0.0,0.43301270189221935,0.24999999999999997,-0.7853981633974483,0.02103571351567727
0.0,0.18125000596046448,0.0,0.43301270189221935,0.24999999999999997,-0.5235987755982988,0.027542988133153992
0.0,0.18125000596046448,0.0,0.43301270189221935,0.24999999999999997,-1.0471975511965976,0.04814754761722235
0.0,0.18125000596046448,0.0,0.3535533905932738,0.35355339059327373,-0.5235987755982988,0.010688237267663499
0.0,0.18125000596046448,0.0,0.3535533905932738,0.35355339059327373,-0.7853981633974483,0.03302098324424342
0.0,0.18125000596046448,0.0,0.3535533905932738,0.35355339059327373,-0.2617993877991494,0.03459800972032504
0.0,0.18125000596046448,0.0,0.25000000000000006,0.4330127018922193,-0.2617993877991494,0.00984015349933444
0.0,0.18125000596046448,0.0,0.25000000000000006,0.4330127018922193,-0.5235987755982988,0.0231221997876129
0.0,0.18125000596046448,0.0,0.25000000000000006,0.4330127018922193,0.0,0.046536459059294155
0.0,0.18125000596046448,0.0,0.12940952255126037,0.48296291314453416,-0.2617993877991494,0.012524117326013325
0.0,0.18125000596046448,0.0,0.12940952255126037,0.48296291314453416,0.0,0.016684346535076104
0.0,0.18125000596046448,0.0,0.12940952255126037,0.48296291314453416,-0.5235987755982988,0.042183427359779216
0.0,0.18125000596046448,0.0,3.061616997868383e-17,0.5,0.0,0.01026014043857326
0.0,0.18125000596046448,0.0,3.061616997868383e-17,0.5,-0.2617993877991494,0.02385602367445361
0.0,0.18125000596046448,0.0,3.061616997868383e-17,0.5,0.2617993877991494,0.03400894151427297
0.0,0.18125000596046448,0.0,-0.12940952255126043,0.48296291314453416,0.2617993877991494,0.024869572063517507
0.0,0.18125000596046448,0.0,-0.12940952255126043,0.48296291314453416,0.0,0.028246376112462366
0.0,0.18125000596046448,0.0,-0.12940952255126043,0.48296291314453416,0.5235987755982988,0.043854334182126725
0.0,0.18125000596046448,0.0,-0.2499999999999999,0.43301270189221935,0.2617993877991494,0.01046482531966959
0.0,0.18125000596046448,0.0,-0.2499999999999999,0.43301270189221935,0.5235987755982988,0.025688390536142396
0.0,0.18125000596046448,0.0,-0.2499999999999999,0.43301270189221935,0.0,0.03683248991204839
0.0,0.18125000596046448,0.0,-0.35355339059327373,0.3535533905932738,0.5235987755982988,0.016564391490926072
0.0,0.18125000596046448,0.0,-0.35355339059327373,0.3535533905932738,0.2617993877991494,0.03303993082174119
0.0,0.18125000596046448,0.0,-0.35355339059327373,0.3535533905932738,0.7853981633974483,0.03990099564075045
0.0,0.18125000596046448,0.0,-0.43301270189221935,0.24999999999999997,0.7853981633974483,0.021441791952985616
0.0,0.18125000596046448,0.0,-0.43301270189221935,0.24999999999999997,0.5235987755982988,0.028754092241163026
0.0,0.18125000596046448,0.0,-0.43301270189221935,0.24999999999999997,1.0471975511965976,0.05032407435639217
0.0,0.18125000596046448,0.0,-0.4829629131445341,0.1294095225512605,1.0471975511965976,0.02861517328539669
0.0,0.18125000596046448,0.0,-0.4829629131445341,0.1294095225512605,0.7853981633974483,0.031386074096788584
0.0,0.18125000596046448,0.0,-0.4829629131445341,0.1294095225512605,1.3089969389957472,0.05858569183485727
0.0,0.18125000596046448,0.0,-0.5,6.123233995736766e-17,1.0471975511965976,0.03130021108036909
0.0,0.18125000596046448,0.0,-0.5,6.123233995736766e-17,1.3089969389957472,0.04000020907671722
0.0,0.18125000596046448,0.0,-0.5,6.123233995736766e-17,0.7853981633974483,0.05548071746417819
0.20624999701976776,0.18125000596046448,0.0,0.5,0.0,-0.5235987755982988,0.02165112729374582
0.20624999701976776,0.18125000596046448,0.0,0.5,0.0,-0.2617993877991494,0.03917392046721677
0.20624999701976776,0.18125000596046448,0.0,0.5,0.0,-0.7853981633974483,0.0669649639691124
0.20624999701976776,0.18125000596046448,0.0,0.48296291314453416,0.12940952255126037,-0.2617993877991494,0.008708256935031152
0.20624999701976776,0.18125000596046448,0.0,0.48296291314453416,0.12940952255126037,-0.5235987755982988,0.04317137474039641
0.20624999701976776,0.18125000596046448,0.0,0.48296291314453416,0.12940952255126037,0.0,0.05875645959940901
0.20624999701976776,0.18125000596046448,0.0,0.43301270189221935,0.24999999999999997,0.0,0.013421302815827804
0.20624999701976776,0.18125000596046448,0.0,0.43301270189221935,0.24999999999999997,-0.2617993877991494,0.029244611265401985
0.20624999701976776,0.18125000596046448,0.0,0.43301270189221935,0.24999999999999997,0.2617993877991494,0.07672932035257304
0.20624999701976776,0.18125000596046448,0.0,0.3535533905932738,0.35355339059327373,0.0,0.015444121416076605
0.20624999701976776,0.18125000596046448,0.0,0.3535533905932738,0.35355339059327373,0.2617993877991494,0.03180410502533313
0.20624999701976776,0.18125000596046448,0.0,0.3535533905932738,0.35355339059327373,-0.2617993877991494,0.06905756056255576
0.20624999701976776,0.18125000596046448,0.0,0.25000000000000006,0.4330127018922193,0.2617993877991494,0.011367183960940984
0.20624999701976776,0.18125000596046448,0.0,0.25000000000000006,0.4330127018922193,0.0,0.04619315400068298
0.20624999701976776,0.18125000596046448,0.0,0.25000000000000006,0.4330127018922193,0.5235987755982988,0.053540855768426626
0.20624999701976776,0.18125000596046448,0.0,0.12940952255126037,0.48296291314453416,0.2617993877991494,0.02292868948535766
0.20624999701976776,0.18125000596046448,0.0,0.12940952255126037,0.48296291314453416,0.5235987755982988,0.02781341307722597
0.20624999701976776,0.18125000596046448,0.0,0.12940952255126037,0.48296291314453416,0.7853981633974483,0.07559762728416314
0.20624999701976776,0.18125000596046448,0.0,3.061616997868383e-17,0.5,0.5235987755982988,0.012276905886729203
0.20624999701976776,0.18125000596046448,0.0,3.061616997868383e-17,0.5,0.7853981633974483,0.0452079888649225
0.20624999701976776,0.18125000596046448,0.0,3.061616997868383e-17,0.5,0.2617993877991494,0.07169960423519736
0.20624999701976776,0.18125000596046448,0.0,-0.12940952255126043,0.48296291314453416,0.7853981633974483,0.019912384877132584
0.20624999701976776,0.18125000596046448,0.0,-0.12940952255126043,0.48296291314453416,0.5235987755982988,0.042734845422613736
0.20624999701976776,0.18125000596046448,0.0,-0.12940952255126043,0.48296291314453416,1.0471975511965976,0.06872950612594782
0.20624999701976776,0.18125000596046448,0.0,-0.2499999999999999,0.43301270189221935,0.7853981633974483,0.01800398541602782
0.20624999701976776,0.18125000596046448,0.0,-0.2499999999999999,0.43301270189221935,1.0471975511965976,0.04404031717809155
0.20624999701976776,0.18125000596046448,0.0,-0.2499999999999999,0.43301270189221935,0.5235987755982988,0.09366156708226472
0.20624999701976776,0.18125000596046448,0.0,-0.35355339059327373,0.3535533905932738,1.0471975511965976,0.02261804449675234
0.20624999701976776,0.18125000596046448,0.0,-0.35355339059327373,0.3535533905932738,0.7853981633974483,0.05288404997282003
0.20624999701976776,0.18125000596046448,0.0,-0.35355339059327373,0.3535533905932738,1.3089969389957472,0.07468221427924286
0.20624999701976776,0.18125000596046448,0.0,-0.43301270189221935,0.24999999999999997,1.0471975511965976,0.0163571673349862
0.20624999701976776,0.18125000596046448,0.0,-0.43301270189221935,0.24999999999999997,1.3089969389957472,0.0565157452191124
0.20624999701976776,0.18125000596046448,0.0,-0.43301270189221935,0.24999999999999997,0.7853981633974483,0.08298663259296944
0.20624999701976776,0.18125000596046448,0.0,-0.4829629131445341,0.1294095225512605,1.3089969389957472,0.06041964310604371
0.20624999701976776,0.18125000596046448,0.0,-0.4829629131445341,0.1294095225512605,1.0471975511965976,0.06358200467983385
0.20624999701976776,0.18125000596046448,0.0,-0.4829629131445341,0.1294095225512605,1.5707963267948966,0.1040702227712422
0.20624999701976776,0.18125000596046448,0.0,-0.5,6.123233995736766e-17,1.3089969389957472,0.09274407964429081
0.20624999701976776,0.18125000596046448,0.0,-0.5,6.123233995736766e-17,1.0471975511965976,0.11445872215795048
0.20624999701976776,0.18125000596046448,0.0,-0.5,6.123233995736766e-17,1.5707963267948966,0.11672663829030999
0.29374998807907104,-0.11874999850988388,-1.5707963267948966,0.5,0.0,-0.7853981633974483,0.014986089592422362
0.29374998807907104,-0.11874999850988388,-1.5707963267948966,0.5,0.0,-0.5235987755982988,0.06386393156570584
0.29374998807907104,-0.11874999850988388,-1.5707963267948966,0.5,0.0,-1.0471975511965976,0.07550678236159121
0.29374998807907104,-0.11874999850988388,-1.5707963267948966,0.48296291314453416,0.12940952255126037,-0.5235987755982988,0.011876039394409288
0.29374998807907104,-0.11874999850988388,-1.5707963267948966,0.48296291314453416,0.12940952255126037,-0.7853981633974483,0.05275724276594559
0.29374998807907104,-0.11874999850988388,-1.5707963267948966,0.48296291314453416,0.12940952255126037,-0.2617993877991494,0.0951357648374777
0.29374998807907104,-0.11874999850988388,-1.5707963267948966,0.43301270189221935,0.24999999999999997,-0.5235987755982988,0.026857442455989353
0.29374998807907104,-0.11874999850988388,-1.5707963267948966,0.43301270189221935,0.24999999999999997,-0.2617993877991494,0.03366578618508168
0.29374998807907104,-0.11874999850988388,-1.5707963267948966,0.43301270189221935,0.24999999999999997,-0.7853981633974483,0.08337956070368253
0.29374998807907104,-0.11874999850988388,-1.5707963267948966,0.3535533905932738,0.35355339059327373,-0.2617993877991494,0.010366407491393009
0.29374998807907104,-0.11874999850988388,-1.5707963267948966,0.3535533905932738,0.35355339059327373,0.0,0.05678079351583408
0.29374998807907104,-0.11874999850988388,-1.5707963267948966,0.3535533905932738,0.35355339059327373,-0.5235987755982988,0.058373217620985726
0.29374998807907104,-0.11874999850988388,-1.5707963267948966,0.25000000000000006,0.4330127018922193,0.0,0.016704720625592383
0.29374998807907104,-0.11874999850988388,-1.5707963267948966,0.25000000000000006,0.4330127018922193,-0.2617993877991494,0.04017184799425736
0.29374998807907104,-0.11874999850988388,-1.5707963267948966,0.25000000000000006,0.4330127018922193,0.2617993877991494,0.08442917482646632
0.29374998807907104,-0.11874999850988388,-1.5707963267948966,0.12940952255126037,0.48296291314453416,0.0,0.018321496179122994
0.29374998807907104,-0.11874999850988388,-1.5707963267948966,0.12940952255126037,0.48296291314453416,0.2617993877991494,0.03518997451006356
0.29374998807907104,-0.11874999850988388,-1.5707963267948966,0.12940952255126037,0.48296291314453416,-0.2617993877991494,0.07961194381237455
0.29374998807907104,-0.11874999850988388,-1.5707963267948966,3.061616997868383e-17,0.5,0.2617993877991494,0.011289946039694958
0.29374998807907104,-0.11874999850988388,-1.5707963267948966,3.061616997868383e-17,0.5,0.0,0.0516158581205397
0.29374998807907104,-0.11874999850988388,-1.5707963267948966,3.061616997868383e-17,0.5,0.5235987755982988,0.057556631477893624
0.29374998807907104,-0.11874999850988388,-1.5707963267948966,-0.12940952255126043,0.48296291314453416,0.2617993877991494,0.02689562345805921
0.29374998807907104,-0.11874999850988388,-1.5707963267948966,-0.12940952255126043,0.48296291314453416,0.5235987755982988,0.027968557257401317
0.29374998807907104,-0.11874999850988388,-1.5707963267948966,-0.12940952255126043,0.48296291314453416,0.7853981633974483,0.08496766715683542
0.29374998807907104,-0.11874999850988388,-1.5707963267948966,-0.2499999999999999,0.43301270189221935,0.5235987755982988,0.01008910792518364
0.29374998807907104,-0.11874999850988388,-1.5707963267948966,-0.2499999999999999,0.43301270189221935,0.7853981633974483,0.0487678412132025
0.29374998807907104,-0.11874999850988388,-1.5707963267948966,-0.2499999999999999,0.43301270189221935,0.2617993877991494,0.07484362803858162
0.29374998807907104,-0.11874999850988388,-1.5707963267948966,-0.35355339059327373,0.3535533905932738,0.7853981633974483,0.025599413147789362
0.29374998807907104,-0.11874999850988388,-1.5707963267948966,-0.35355339059327373,0.3535533905932738,0.5235987755982988,0.04331679739769179
0.29374998807907104,-0.11874999850988388,-1.5707963267948966,-0.35355339059327373,0.3535533905932738,1.0471975511965976,0.07608021881620762
0.29374998807907104,-0.11874999850988388,-1.5707963267948966,-0.43301270189221935,0.24999999999999997,0.7853981633974483,0.013206085831219336
0.29374998807907104,-0.11874999850988388,-1.5707963267948966,-0.43301270189221935,0.24999999999999997,1.0471975511965976,0.05380929067239072
0.29374998807907104,-0.11874999850988388,-1.5707963267948966,-0.43301270189221935,0.24999999999999997,0.5235987755982988,0.09049684250599353
0.29374998807907104,-0.11874999850988388,-1.5707963267948966,-0.4829629131445341,0.1294095225512605,1.0471975511965976,0.034200497167010485
0.29374998807907104,-0.11874999850988388,-1.5707963267948966,-0.4829629131445341,0.1294095225512605,0.7853981633974483,0.04494291334466994
0.29374998807907104,-0.11874999850988388,-1.5707963267948966,-0.4829629131445341,0.1294095225512605,1.3089969389957472,0.08859062909441905
0.29374998807907104,-0.11874999850988388,-1.5707963267948966,-0.5,6.123233995736766e-17,1.0471975511965976,0.017248899951563895
0.29374998807907104,-0.11874999850988388,-1.5707963267948966,-0.5,6.123233995736766e-17,0.7853981633974483,0.07475151449947035
0.29374998807907104,-0.11874999850988388,-1.5707963267948966,-0.5,6.123233995736766e-17,1.3089969389957472,0.08325382610392507
0.29374998807907104,2.7755575615628914e-17,-1.5707963267948966,0.5,0.0,-0.7853981633974483,0.03224789485880352
0.29374998807907104,2.7755575615628914e-17,-1.5707963267948966,0.5,0.0,-1.0471975511965976,0.03636878606573372
0.29374998807907104,2.7755575615628914e-17,-1.5707963267948966,0.5,0.0,-1.3089969389957472,0.0843860200853033
0.29374998807907104,2.7755575615628914e-17,-1.5707963267948966,0.48296291314453416,0.12940952255126037,-0.7853981633974483,0.01105645321821337
0.29374998807907104,2.7755575615628914e-17,-1.5707963267948966,0.48296291314453416,0.12940952255126037,-1.0471975511965976,0.06108350524085638
0.29374998807907104,2.7755575615628914e-17,-1.5707963267948966,0.48296291314453416,0.12940952255126037,-0.5235987755982988,0.06505790662808039
0.29374998807907104,2.7755575615628914e-17,-1.5707963267948966,0.43301270189221935,0.24999999999999997,-0.5235987755982988,0.018552721961069916
0.29374998807907104,2.7755575615628914e-17,-1.5707963267948966,0.43301270189221935,0.24999999999999997,-0.7853981633974483,0.03782277034926266
0.29374998807907104,2.7755575615628914e-17,-1.5707963267948966,0.43301270189221935,0.24999999999999997,-1.0471975511965976,0.08452157149029885
0.29374998807907104,2.7755575615628914e-17,-1.5707963267948966,0.3535533905932738,0.35355339059327373,-0.5235987755982988,0.018468459688266613
0.29374998807907104,2.7755575615628914e-17,-1.5707963267948966,0.3535533905932738,0.35355339059327373,-0.2617993877991494,0.036992798396033116
0.29374998807907104,2.7755575615628914e-17,-1.5707963267948966,0.3535533905932738,0.35355339059327373,-0.7853981633974483,0.06169589312346677
0.29374998807907104,2.7755575615628914e-17,-1.5707963267948966,0.25000000000000006,0.4330127018922193,-0.2617993877991494,0.009663094376794575
0.29374998807907104,2.7755575615628914e-17,-1.5707963267948966,0.25000000000000006,0.4330127018922193,-0.5235987755982988,0.03817786864145434
0.29374998807907104,2.7755575615628914e-17,-1.5707963267948966,0.25000000000000006,0.4330127018922193,0.0,0.06159912980527989
0.29374998807907104,2.7755575615628914e-17,-1.5707963267948966,0.12940952255126037,0.48296291314453416,-0.2617993877991494,0.022600474429917486
0.29374998807907104,2.7755575615628914e-17,-1.5707963267948966,0.12940952255126037,0.48296291314453416,0.0,0.024387111204421275
0.29374998807907104,2.7755575615628914e-17,-1.5707963267948966,0.12940952255126037,0.48296291314453416,-0.5235987755982988,0.0661128946758614
0.29374998807907104,2.7755575615628914e-17,-1.5707963267948966,3.061616997868383e-17,0.5,0.0,0.010149129004908075
0.29374998807907104,2.7755575615628914e-17,-1.5707963267948966,3.061616997868383e-17,0.5,0.2617993877991494,0.04159367856545495
0.29374998807907104,2.7755575615628914e-17,-1.5707963267948966,3.061616997868383e-17,0.5,-0.2617993877991494,0.04510743603123606
0.29374998807907104,2.7755575615628914e-17,-1.5707963267948966,-0.12940952255126043,0.48296291314453416,0.2617993877991494,0.019340753342614016
0.29374998807907104,2.7755575615628914e-17,-1.5707963267948966,-0.12940952255126043,0.48296291314453416,0.0,0.026607669282448707
0.29374998807907104,2.7755575615628914e-17,-1.5707963267948966,-0.12940952255126043,0.48296291314453416,0.5235987755982988,0.06292289032880799
0.29374998807907104,2.7755575615628914e-17,-1.5707963267948966,-0.2499999999999999,0.43301270189221935,0.2617993877991494,0.01219491405640193
0.29374998807907104,2.7755575615628914e-17,-1.5707963267948966,-0.2499999999999999,0.43301270189221935,0.5235987755982988,0.03682216130442964
0.29374998807907104,2.7755575615628914e-17,-1.5707963267948966,-0.2499999999999999,0.43301270189221935,0.0,0.06984138590857772
0.29374998807907104,2.7755575615628914e-17,-1.5707963267948966,-0.35355339059327373,0.3535533905932738,0.5235987755982988,0.01653309668099423
0.29374998807907104,2.7755575615628914e-17,-1.5707963267948966,-0.35355339059327373,0.3535533905932738,0.2617993877991494,0.04437034804304193
0.29374998807907104,2.7755575615628914e-17,-1.5707963267948966,-0.35355339059327373,0.3535533905932738,0.7853981633974483,0.05643563725712255
0.29374998807907104,2.7755575615628914e-17,-1.5707963267948966,-0.43301270189221935,0.24999999999999997,0.5235987755982988,0.01670546110563253
0.29374998807907104,2.7755575615628914e-17,-1.5707963267948966,-0.43301270189221935,0.24999999999999997,0.7853981633974483,0.0371941463528309
0.29374998807907104,2.7755575615628914e-17,-1.5707963267948966,-0.43301270189221935,0.24999999999999997,1.0471975511965976,0.08061724891628569
0.29374998807907104,2.7755575615628914e-17,-1.5707963267948966,-0.4829629131445341,0.1294095225512605,0.7853981633974483,0.01645689665686329
0.29374998807907104,2.7755575615628914e-17,-1.5707963267948966,-0.4829629131445341,0.1294095225512605,1.0471975511965976,0.05736723737350859
0.29374998807907104,2.7755575615628914e-17,-1.5707963267948966,-0.4829629131445341,0.1294095225512605,0.5235987755982988,0.06142897184782003
0.29374998807907104,2.7755575615628914e-17,-1.5707963267948966,-0.5,6.123233995736766e-17,0.7853981633974483,0.024564113157546277
0.29374998807907104,2.7755575615628914e-17,-1.5707963267948966,-0.5,6.123233995736766e-17,1.0471975511965976,0.035556460405225525
0.29374998807907104,2.7755575615628914e-17,-1.5707963267948966,-0.5,6.123233995736766e-17,1.3089969389957472,0.0831815204058876
0.29374998807907104,0.08749999850988388,-1.5707963267948966,0.5,0.0,-1.0471975511965976,0.015573531192503903
0.29374998807907104,0.08749999850988388,-1.5707963267948966,0.5,0.0,-0.7853981633974483,0.06438822410236396
0.29374998807907104,0.08749999850988388,-1.5707963267948966,0.5,0.0,-1.3089969389957472,0.07863988408438337
0.29374998807907104,0.08749999850988388,-1.5707963267948966,0.48296291314453416,0.12940952255126037,-0.7853981633974483,0.03044349745274866
0.29374998807907104,0.08749999850988388,-1.5707963267948966,0.48296291314453416,0.12940952255126037,-1.0471975511965976,0.03880427936482493
0.29374998807907104,0.08749999850988388,-1.5707963267948966,0.48296291314453416,0.12940952255126037,-1.3089969389957472,0.09191294524629237
0.29374998807907104,0.08749999850988388,-1.5707963267948966,0.43301270189221935,0.24999999999999997,-0.7853981633974483,0.010030833915553913
0.29374998807907104,0.08749999850988388,-1.5707963267948966,0.43301270189221935,0.24999999999999997,-1.0471975511965976,0.05419192284372212
0.29374998807907104,0.08749999850988388,-1.5707963267948966,0.43301270189221935,0.24999999999999997,-0.5235987755982988,0.07371088958658564
0.29374998807907104,0.08749999850988388,-1.5707963267948966,0.3535533905932738,0.35355339059327373,-0.5235987755982988,0.02756044386115912
0.29374998807907104,0.08749999850988388,-1.5707963267948966,0.3535533905932738,0.35355339059327373,-0.7853981633974483,0.03086699214394235
0.29374998807907104,0.08749999850988388,-1.5707963267948966,0.3535533905932738,0.35355339059327373,-1.0471975511965976,0.07838300284692797
0.29374998807907104,0.08749999850988388,-1.5707963267948966,0.25000000000000006,0.4330127018922193,-0.5235987755982988,0.01389810934755868
0.29374998807907104,0.08749999850988388,-1.5707963267948966,0.25000000000000006,0.4330127018922193,-0.2617993877991494,0.05129268214066682
0.29374998807907104,0.08749999850988388,-1.5707963267948966,0.25000000000000006,0.4330127018922193,-0.7853981633974483,0.05815232589136374
0.29374998807907104,0.08749999850988388,-1.5707963267948966,0.12940952255126037,0.48296291314453416,-0.2617993877991494,0.012265572730820696
0.29374998807907104,0.08749999850988388,-1.5707963267948966,0.12940952255126037,0.48296291314453416,-0.5235987755982988,0.039108268200128235
0.29374998807907104,0.08749999850988388,-1.5707963267948966,0.12940952255126037,0.48296291314453416,0.0,0.07469002743260761
0.29374998807907104,0.08749999850988388,-1.5707963267948966,3.061616997868383e-17,0.5,-0.2617993877991494,0.01999240436264705
0.29374998807907104,0.08749999850988388,-1.5707963267948966,3.061616997868383e-17,0.5,0.0,0.029370149855737066
0.29374998807907104,0.08749999850988388,-1.5707963267948966,3.061616997868383e-17,0.5,-0.5235987755982988,0.06449341582571365
0.29374998807907104,0.08749999850988388,-1.5707963267948966,-0.12940952255126043,0.48296291314453416,0.0,0.008899385858922
0.29374998807907104,0.08749999850988388,-1.5707963267948966,-0.12940952255126043,0.48296291314453416,-0.2617993877991494,0.04624290228102698
0.29374998807907104,0.08749999850988388,-1.5707963267948966,-0.12940952255126043,0.48296291314453416,0.2617993877991494,0.054189265827107494
0.29374998807907104,0.08749999850988388,-1.5707963267948966,-0.2499999999999999,0.43301270189221935,0.2617993877991494,0.02101377679448804
0.29374998807907104,0.08749999850988388,-1.5707963267948966,-0.2499999999999999,0.43301270189221935,0.0,0.0275012544603033
0.29374998807907104,0.08749999850988388,-1.5707963267948966,-0.2499999999999999,0.43301270189221935,0.5235987755982988,0.06985515557050066
0.29374998807907104,0.08749999850988388,-1.5707963267948966,-0.35355339059327373,0.3535533905932738,0.2617993877991494,0.010367987136772762
0.29374998807907104,0.08749999850988388,-1.5707963267948966,-0.35355339059327373,0.3535533905932738,0.5235987755982988,0.0426130745689535
0.29374998807907104,0.08749999850988388,-1.5707963267948966,-0.35355339059327373,0.3535533905932738,0.0,0.07329563818054471
0.29374998807907104,0.08749999850988388,-1.5707963267948966,-0.43301270189221935,0.24999999999999997,0.5235987755982988,0.01718284749857131
0.29374998807907104,0.08749999850988388,-1.5707963267948966,-0.43301270189221935,0.24999999999999997,0.2617993877991494,0.04574778248006802
0.29374998807907104,0.08749999850988388,-1.5707963267948966,-0.43301270189221935,0.24999999999999997,0.7853981633974483,0.06145890139767785
0.29374998807907104,0.08749999850988388,-1.5707963267948966,-0.4829629131445341,0.1294095225512605,0.5235987755982988,0.015791210545481157
0.29374998807907104,0.08749999850988388,-1.5707963267948966,-0.4829629131445341,0.1294095225512605,0.7853981633974483,0.03781222667574989
0.29374998807907104,0.08749999850988388,-1.5707963267948966,-0.4829629131445341,0.1294095225512605,1.0471975511965976,0.0862367410515165
0.29374998807907104,0.08749999850988388,-1.5707963267948966,-0.5,6.123233995736766e-17,0.7853981633974483,0.014669895087045607
0.29374998807907104,0.08749999850988388,-1.5707963267948966,-0.5,6.123233995736766e-17,1.0471975511965976,0.06310007195723684
0.29374998807907104,0.08749999850988388,-1.5707963267948966,-0.5,6.123233995736766e-17,0.5235987755982988,0.06366959366811162
