push_x,push_y,push_ori,rot,trans_x,trans_y,delta_x,delta_y,delta_r
-0.23125000298023224,-0.18125000596046448,0.0,-4.440892098500626e-16,-0.19318516525781368,-0.05176380902050416,-0.17743177339434624,-0.07940672151744366,-6.341375690204541
-0.23125000298023224,-0.18125000596046448,0.0,-0.2617993877991498,-0.19318516525781368,-0.05176380902050416,-0.16694424860179424,-0.0887652961537242,-9.579952341912623
-0.23125000298023224,-0.18125000596046448,0.0,-0.5235987755982991,-0.19318516525781368,-0.05176380902050416,-0.1639240626245737,-0.1001268271356821,-11.347288799304303
-0.23125000298023224,-0.18125000596046448,0.0,-4.440892098500626e-16,-0.17320508075688773,-0.10000000000000003,-0.17065268196165562,-0.10189057514071465,-1.2284007614557564
-0.23125000298023224,-0.18125000596046448,0.0,-0.2617993877991498,-0.17320508075688773,-0.10000000000000003,-0.16062723100185394,-0.11670952010899782,-4.3623213148682884
-0.23125000298023224,-0.18125000596046448,0.0,0.2617993877991489,-0.17320508075688773,-0.10000000000000003,-0.1796969175338745,-0.1030577514320612,1.352428376415023
-0.23125000298023224,-0.18125000596046448,0.0,-4.440892098500626e-16,-0.14142135623730953,-0.1414213562373095,-0.15109896659851074,-0.12461360171437263,3.202670040904468
-0.23125000298023224,-0.18125000596046448,0.0,0.2617993877991489,-0.14142135623730953,-0.1414213562373095,-0.1642321441322565,-0.117938082665205,6.530977607064694
-0.23125000298023224,-0.18125000596046448,0.0,-0.2617993877991498,-0.14142135623730953,-0.1414213562373095,-0.1468636840581894,-0.13426088308915496,1.4256987029483366
-0.23125000298023224,-0.18125000596046448,0.0,0.2617993877991489,-0.10000000000000007,-0.17320508075688767,-0.13759653083980083,-0.13147526478860527,11.078641033475987
-0.23125000298023224,-0.18125000596046448,0.0,-4.440892098500626e-16,-0.10000000000000007,-0.17320508075688767,-0.12749946117401123,-0.13768493430688977,8.278567740816952
-0.23125000298023224,-0.18125000596046448,0.0,0.5235987755982983,-0.10000000000000007,-0.17320508075688767,-0.1450533401221037,-0.13628169894218445,13.416846150288931
-0.23125000298023224,-0.18125000596046448,0.0,0.2617993877991489,-0.051763809020504134,-0.19318516525781368,-0.10691290348768234,-0.13371454924345016,15.536775124799492
-0.23125000298023224,-0.18125000596046448,0.0,0.5235987755982983,-0.051763809020504134,-0.19318516525781368,-0.11830101162195206,-0.13351373095065355,18.537689312451647
-0.23125000298023224,-0.18125000596046448,0.0,-4.440892098500626e-16,-0.051763809020504134,-0.19318516525781368,-0.09881641715765,-0.14157456159591675,13.195857068673416
-0.23125000298023224,-0.18125000596046448,0.0,0.2617993877991489,-3.6739403974420595e-17,-0.2,-0.06771735846996307,-0.12952416483312845,18.95319598758472
-0.23125000298023224,-0.18125000596046448,0.0,0.5235987755982983,-3.6739403974420595e-17,-0.2,-0.08056871220469475,-0.12665383704006672,22.42123119846031
-0.23125000298023224,-0.18125000596046448,0.0,-4.440892098500626e-16,-3.6739403974420595e-17,-0.2,-0.06498858705163002,-0.13555731996893883,17.612742991363866
-0.23125000298023224,-0.18125000596046448,0.0,0.5235987755982983,0.05176380902050407,-0.1931851652578137,-0.04221474379301071,-0.11081258207559586,25.041577857086406
-0.23125000298023224,-0.18125000596046448,0.0,0.2617993877991489,0.05176380902050407,-0.1931851652578137,-0.031565312296152115,-0.1128154881298542,22.051507558939083
-0.23125000298023224,-0.18125000596046448,0.0,0.7853981633974474,0.05176380902050407,-0.1931851652578137,-0.047964658588171005,-0.11782069317996502,27.003289162994427
-0.23125000298023224,-0.18125000596046448,0.0,0.5235987755982983,0.10000000000000003,-0.17320508075688773,0.0035693123936653137,-0.08895252086222172,25.623920253405284
-0.23125000298023224,-0.18125000596046448,0.0,0.2617993877991489,0.10000000000000003,-0.17320508075688773,0.01020444929599762,-0.08958602230995893,23.631770324223595
-0.23125000298023224,-0.18125000596046448,0.0,0.7853981633974474,0.10000000000000003,-0.17320508075688773,-0.006694898009300232,-0.09428248554468155,28.057551580063045
-0.23125000298023224,-0.18125000596046448,0.0,0.5235987755982983,0.14142135623730948,-0.14142135623730953,0.029503844678401947,-0.07680355617776513,23.396661841761066
-0.23125000298023224,-0.18125000596046448,0.0,0.2617993877991489,0.14142135623730948,-0.14142135623730953,0.034986525774002075,-0.07640634896233678,22.237965052984368
-0.23125000298023224,-0.18125000596046448,0.0,0.7853981633974474,0.14142135623730948,-0.14142135623730953,0.024112649261951447,-0.08100104797631502,25.779038220709463
-0.23125000298023224,-0.18125000596046448,0.0,0.5235987755982983,0.17320508075688767,-0.10000000000000007,0.04748448356986046,-0.0649521560408175,19.668090474489144
-0.23125000298023224,-0.18125000596046448,0.0,0.2617993877991489,0.17320508075688767,-0.10000000000000007,0.048635248094797134,-0.06456794679979794,19.095578307880153
-0.23125000298023224,-0.18125000596046448,0.0,0.7853981633974474,0.17320508075688767,-0.10000000000000007,0.044579191133379936,-0.06878260895609856,21.694849839522256
-0.23125000298023224,-0.18125000596046448,0.0,0.5235987755982983,0.19318516525781368,-0.05176380902050414,0.056333279237151146,-0.04920659400522709,14.58409275263164
-0.23125000298023224,-0.18125000596046448,0.0,0.2617993877991489,0.19318516525781368,-0.05176380902050414,0.05690240301191807,-0.04658418893814087,15.482060922816721
-0.23125000298023224,-0.18125000596046448,0.0,0.7853981633974474,0.19318516525781368,-0.05176380902050414,0.056570254266262054,-0.05417024623602629,16.09452226692074
0.0,-0.18125000596046448,0.0,-0.5235987755982991,-0.19318516525781368,-0.05176380902050416,-0.10411236062645912,-0.07091984804719687,-25.821815949471723
0.0,-0.18125000596046448,0.0,-0.2617993877991498,-0.19318516525781368,-0.05176380902050416,-0.11187807843089104,-0.06549446191638708,-23.90036058681134
0.0,-0.18125000596046448,0.0,-0.7853981633974485,-0.19318516525781368,-0.05176380902050416,-0.09809706825762987,-0.0900476686656475,-29.91087788386252
0.0,-0.18125000596046448,0.0,-0.5235987755982991,-0.17320508075688773,-0.10000000000000003,-0.09580444358289242,-0.10951040871441364,-25.99154034090692
0.0,-0.18125000596046448,0.0,-0.2617993877991498,-0.17320508075688773,-0.10000000000000003,-0.10372746177017689,-0.09617423545569181,-21.923074975233416
0.0,-0.18125000596046448,0.0,-0.7853981633974485,-0.17320508075688773,-0.10000000000000003,-0.08296756632626057,-0.12470855936408043,-30.649961243216246
0.0,-0.18125000596046448,0.0,-0.2617993877991498,-0.14142135623730953,-0.1414213562373095,-0.08870674669742584,-0.13959906622767448,-17.254447118149685
0.0,-0.18125000596046448,0.0,-0.5235987755982991,-0.14142135623730953,-0.1414213562373095,-0.0708971917629242,-0.14729413948953152,-23.52411270364807
0.0,-0.18125000596046448,0.0,-4.440892098500626e-16,-0.14142135623730953,-0.1414213562373095,-0.09756189212203026,-0.13645697431638837,-14.202489645367724
0.0,-0.18125000596046448,0.0,-0.2617993877991498,-0.10000000000000007,-0.17320508075688767,-0.05780916288495064,-0.16821431647986174,-13.570794755987773
0.0,-0.18125000596046448,0.0,-4.440892098500626e-16,-0.10000000000000007,-0.17320508075688767,-0.07747646793723106,-0.16712596686556935,-7.700339774943579
0.0,-0.18125000596046448,0.0,-0.5235987755982991,-0.10000000000000007,-0.17320508075688767,-0.03918210044503212,-0.1807403601706028,-20.232715195124996
0.0,-0.18125000596046448,0.0,-4.440892098500626e-16,-0.051763809020504134,-0.19318516525781368,-0.04161422327160835,-0.16792852559592575,-3.1293896714864817
0.0,-0.18125000596046448,0.0,-0.2617993877991498,-0.051763809020504134,-0.19318516525781368,-0.021734442561864853,-0.1866742679849267,-10.007644392868311
0.0,-0.18125000596046448,0.0,0.2617993877991489,-0.051763809020504134,-0.19318516525781368,-0.05885244160890579,-0.18099654803518206,1.7058043191985481
0.0,-0.18125000596046448,0.0,-4.440892098500626e-16,-3.6739403974420595e-17,-0.2,-0.002853870391845703,-0.17737260670401156,0.6000575745085407
0.0,-0.18125000596046448,0.0,0.2617993877991489,-3.6739403974420595e-17,-0.2,-0.02083682268857956,-0.17771626263856888,6.503750164866828
0.0,-0.18125000596046448,0.0,-0.2617993877991498,-3.6739403974420595e-17,-0.2,0.016492873430252075,-0.1826062542386353,-5.623172094028339
0.0,-0.18125000596046448,0.0,0.2617993877991489,0.05176380902050407,-0.1931851652578137,0.014664992690086365,-0.18458889331668615,11.65757199180641
0.0,-0.18125000596046448,0.0,-4.440892098500626e-16,0.05176380902050407,-0.1931851652578137,0.03735099360346794,-0.18196495342999697,4.2255189494806515
0.0,-0.18125000596046448,0.0,0.5235987755982983,0.05176380902050407,-0.1931851652578137,-0.0019806288182735443,-0.19915563240647316,17.452458139395407
0.0,-0.18125000596046448,0.0,0.2617993877991489,0.10000000000000003,-0.17320508075688773,0.05123956874012947,-0.1657503843307495,15.196859187670038
0.0,-0.18125000596046448,0.0,0.5235987755982983,0.10000000000000003,-0.17320508075688773,0.030614405870437622,-0.17842311970889568,22.259598828149944
0.0,-0.18125000596046448,0.0,-4.440892098500626e-16,0.10000000000000003,-0.17320508075688773,0.07237620279192924,-0.16860136296600103,8.93784845216322
0.0,-0.18125000596046448,0.0,0.2617993877991489,0.14142135623730948,-0.14142135623730953,0.08169953525066376,-0.13893939182162285,18.92685932055665
0.0,-0.18125000596046448,0.0,0.5235987755982983,0.14142135623730948,-0.14142135623730953,0.06081671826541424,-0.1480926312506199,26.1810015394898
0.0,-0.18125000596046448,0.0,-4.440892098500626e-16,0.14142135623730948,-0.14142135623730953,0.0997709408402443,-0.14452259801328182,14.157102271862152
0.0,-0.18125000596046448,0.0,0.5235987755982983,0.17320508075688767,-0.10000000000000007,0.08680939674377441,-0.10841008648276329,27.440927684989042
0.0,-0.18125000596046448,0.0,0.2617993877991489,0.17320508075688767,-0.10000000000000007,0.10028793290257454,-0.09614017605781555,22.108407018997145
0.0,-0.18125000596046448,0.0,0.7853981633974474,0.17320508075688767,-0.10000000000000007,0.0797664187848568,-0.1267070285975933,31.46863509422871
0.0,-0.18125000596046448,0.0,0.5235987755982983,0.19318516525781368,-0.05176380902050414,0.09876297786831856,-0.07759625930339098,26.90290166795053
0.0,-0.18125000596046448,0.0,0.2617993877991489,0.19318516525781368,-0.05176380902050414,0.1111544631421566,-0.06912625604309142,23.04767426314066
0.0,-0.18125000596046448,0.0,0.7853981633974474,0.19318516525781368,-0.05176380902050414,0.09536367561668158,-0.09357675351202488,30.37197888692031
0.20624999701976776,-0.18125000596046448,0.0,-0.5235987755982991,-0.19318516525781368,-0.05176380902050416,-0.06281760521233082,-0.04910940118134022,-16.321378959691675
0.20624999701976776,-0.18125000596046448,0.0,-0.2617993877991498,-0.19318516525781368,-0.05176380902050416,-0.061592526733875275,-0.04662449285387993,-16.486814854014654
0.20624999701976776,-0.18125000596046448,0.0,-0.7853981633974485,-0.19318516525781368,-0.05176380902050416,-0.06295750848948956,-0.04988171020522714,-18.56630804897889
0.20624999701976776,-0.18125000596046448,0.0,-0.5235987755982991,-0.17320508075688773,-0.10000000000000003,-0.05294518731534481,-0.06621078576426953,-20.33605843248262
0.20624999701976776,-0.18125000596046448,0.0,-0.2617993877991498,-0.17320508075688773,-0.10000000000000003,-0.05368496850132942,-0.06327039189636707,-20.51155016063152
0.20624999701976776,-0.18125000596046448,0.0,-0.7853981633974485,-0.17320508075688773,-0.10000000000000003,-0.050459010526537895,-0.06666488433256745,-23.51256181120305
0.20624999701976776,-0.18125000596046448,0.0,-0.5235987755982991,-0.14142135623730953,-0.1414213562373095,-0.032928451895713806,-0.079936932772398,-24.665975139463004
0.20624999701976776,-0.18125000596046448,0.0,-0.2617993877991498,-0.14142135623730953,-0.1414213562373095,-0.037734802812337875,-0.07880598586052656,-23.1709133437091
0.20624999701976776,-0.18125000596046448,0.0,-0.7853981633974485,-0.14142135623730953,-0.1414213562373095,-0.02879668027162552,-0.08083473518490791,-27.04771707008517
0.20624999701976776,-0.18125000596046448,0.0,-0.5235987755982991,-0.10000000000000007,-0.17320508075688767,-0.004011828452348709,-0.09403922222554684,-26.2130104042413
0.20624999701976776,-0.18125000596046448,0.0,-0.2617993877991498,-0.10000000000000007,-0.17320508075688767,-0.014032445847988129,-0.09722333028912544,-23.897884140234396
0.20624999701976776,-0.18125000596046448,0.0,-0.7853981633974485,-0.10000000000000007,-0.17320508075688767,0.007249150425195694,-0.10017290711402893,-28.601936152221867
0.20624999701976776,-0.18125000596046448,0.0,-0.5235987755982991,-0.051763809020504134,-0.19318516525781368,0.042920373380184174,-0.11374488845467567,-24.780196907707786
0.20624999701976776,-0.18125000596046448,0.0,-0.2617993877991498,-0.051763809020504134,-0.19318516525781368,0.024839147925376892,-0.11940554156899452,-21.622125827088112
0.20624999701976776,-0.18125000596046448,0.0,-0.7853981633974485,-0.051763809020504134,-0.19318516525781368,0.04810427874326706,-0.1205291599035263,-27.658166884304702
0.20624999701976776,-0.18125000596046448,0.0,-0.2617993877991498,-3.6739403974420595e-17,-0.2,0.0656478963792324,-0.1323250150308013,-18.462896807107608
0.20624999701976776,-0.18125000596046448,0.0,-0.5235987755982991,-3.6739403974420595e-17,-0.2,0.07955343462526798,-0.1310903150588274,-22.51248584296068
0.20624999701976776,-0.18125000596046448,0.0,-4.440892098500626e-16,-3.6739403974420595e-17,-0.2,0.05441579595208168,-0.14254751428961754,-16.427895689521733
0.20624999701976776,-0.18125000596046448,0.0,-0.2617993877991498,0.05176380902050407,-0.1931851652578137,0.1036352813243866,-0.1360968928784132,-14.463167795404747
0.20624999701976776,-0.18125000596046448,0.0,-4.440892098500626e-16,0.05176380902050407,-0.1931851652578137,0.0879826508462429,-0.14981498010456562,-11.702387726811088
0.20624999701976776,-0.18125000596046448,0.0,-0.5235987755982991,0.05176380902050407,-0.1931851652578137,0.11335034295916557,-0.13950126431882381,-18.42058969119539
0.20624999701976776,-0.18125000596046448,0.0,-0.2617993877991498,0.10000000000000003,-0.17320508075688773,0.13433947414159775,-0.1309313802048564,-10.9203304034813
0.20624999701976776,-0.18125000596046448,0.0,-4.440892098500626e-16,0.10000000000000003,-0.17320508075688773,0.1210937388241291,-0.141879437098396,-6.212894727040322
0.20624999701976776,-0.18125000596046448,0.0,-0.5235987755982991,0.10000000000000003,-0.17320508075688773,0.14394669979810715,-0.1369686909019947,-13.900973438233924
0.20624999701976776,-0.18125000596046448,0.0,-4.440892098500626e-16,0.14142135623730948,-0.14142135623730953,0.1454722136259079,-0.12406602874398232,-2.1067728218224797
0.20624999701976776,-0.18125000596046448,0.0,-0.2617993877991498,0.14142135623730948,-0.14142135623730953,0.161024522036314,-0.1229000361636281,-5.76300648497821
0.20624999701976776,-0.18125000596046448,0.0,0.2617993877991489,0.14142135623730948,-0.14142135623730953,0.13507325947284698,-0.13980176020413637,0.4955989516363496
0.20624999701976776,-0.18125000596046448,0.0,-4.440892098500626e-16,0.17320508075688767,-0.10000000000000007,0.16624022834002972,-0.10260256752371788,2.335401895962791
0.20624999701976776,-0.18125000596046448,0.0,0.2617993877991489,0.17320508075688767,-0.10000000000000007,0.15171248652040958,-0.11807094793766737,6.1597041740154275
0.20624999701976776,-0.18125000596046448,0.0,-0.2617993877991498,0.17320508075688767,-0.10000000000000007,0.17695198580622673,-0.10520063526928425,-0.4365718281471024
0.20624999701976776,-0.18125000596046448,0.0,0.2617993877991489,0.19318516525781368,-0.05176380902050414,0.1602863073348999,-0.0876045897603035,11.217586622416272
0.20624999701976776,-0.18125000596046448,0.0,-4.440892098500626e-16,0.19318516525781368,-0.05176380902050414,0.17457205429673195,-0.0763646699488163,7.151385824393712
0.20624999701976776,-0.18125000596046448,0.0,0.5235987755982983,0.19318516525781368,-0.05176380902050414,0.15735534019768238,-0.10200734104728326,13.804370166852648
-0.29374998807907104,-0.11874999850988388,1.5707963267948966,-0.5235987755982991,-0.051763809020504176,0.19318516525781368,-0.03587576001882553,0.05354212410748005,-21.643065312860738
-0.29374998807907104,-0.11874999850988388,1.5707963267948966,-0.2617993877991498,-0.051763809020504176,0.19318516525781368,-0.036040712147951126,0.05561946937814355,-21.38324771421148
-0.29374998807907104,-0.11874999850988388,1.5707963267948966,-0.7853981633974485,-0.051763809020504176,0.19318516525781368,-0.04323141276836395,0.0479758963920176,-24.27726820006767
-0.29374998807907104,-0.11874999850988388,1.5707963267948966,-0.5235987755982991,-0.09999999999999996,0.17320508075688776,-0.07085137069225311,0.03994972602231428,-24.71990721877856
-0.29374998807907104,-0.11874999850988388,1.5707963267948966,-0.2617993877991498,-0.09999999999999996,0.17320508075688776,-0.07004821300506592,0.05068194051273167,-22.41792120571607
-0.29374998807907104,-0.11874999850988388,1.5707963267948966,-0.7853981633974485,-0.09999999999999996,0.17320508075688776,-0.08166578598320484,0.031662310007959604,-26.768731232548014
-0.29374998807907104,-0.11874999850988388,1.5707963267948966,-0.2617993877991498,-0.1414213562373095,0.14142135623730953,-0.11125667952001095,0.031081242486834526,-20.195877143467868
-0.29374998807907104,-0.11874999850988388,1.5707963267948966,-0.5235987755982991,-0.1414213562373095,0.14142135623730953,-0.11296607181429863,0.015306266956031322,-23.389206293502117
-0.29374998807907104,-0.11874999850988388,1.5707963267948966,-4.440892098500626e-16,-0.1414213562373095,0.14142135623730953,-0.11739986203610897,0.036250581964850426,-19.217086891387627
-0.29374998807907104,-0.11874999850988388,1.5707963267948966,-0.2617993877991498,-0.17320508075688776,0.1,-0.1450549941509962,0.00585758313536644,-17.641770633188003
-0.29374998807907104,-0.11874999850988388,1.5707963267948966,-0.5235987755982991,-0.17320508075688776,0.1,-0.14830218814313412,-0.010708339512348175,-20.885414969487783
-0.29374998807907104,-0.11874999850988388,1.5707963267948966,-4.440892098500626e-16,-0.17320508075688776,0.1,-0.15059851296246052,0.014884380623698235,-15.814301640112799
-0.29374998807907104,-0.11874999850988388,1.5707963267948966,-0.2617993877991498,-0.19318516525781365,0.0517638090205042,-0.16762743704020977,-0.021880600601434708,-14.005903081499792
-0.29374998807907104,-0.11874999850988388,1.5707963267948966,-4.440892098500626e-16,-0.19318516525781365,0.0517638090205042,-0.17352542839944363,-0.007865870371460915,-11.23073032850734
-0.29374998807907104,-0.11874999850988388,1.5707963267948966,-0.5235987755982991,-0.19318516525781365,0.0517638090205042,-0.17369314655661583,-0.03735425416380167,-17.012047020217278
-0.29374998807907104,-0.11874999850988388,1.5707963267948966,-0.2617993877991498,-0.2,2.4492935982947062e-17,-0.1806909330189228,-0.052311237901449203,-9.992318280721575
-0.29374998807907104,-0.11874999850988388,1.5707963267948966,-4.440892098500626e-16,-0.2,2.4492935982947062e-17,-0.18548323400318623,-0.033781666308641434,-6.357650066896316
-0.29374998807907104,-0.11874999850988388,1.5707963267948966,-0.5235987755982991,-0.2,2.4492935982947062e-17,-0.18761408049613237,-0.0688439067453146,-13.286006037528702
-0.29374998807907104,-0.11874999850988388,1.5707963267948966,-4.440892098500626e-16,-0.19318516525781368,-0.05176380902050416,-0.1840655393898487,-0.06172061152756214,-2.0644821505539253
-0.29374998807907104,-0.11874999850988388,1.5707963267948966,-0.2617993877991498,-0.19318516525781368,-0.05176380902050416,-0.18442276865243912,-0.07967143505811691,-5.357682222120521
-0.29374998807907104,-0.11874999850988388,1.5707963267948966,0.2617993877991489,-0.19318516525781368,-0.05176380902050416,-0.1935638189315796,-0.050995051860809326,0.46559550858383014
-0.29374998807907104,-0.11874999850988388,1.5707963267948966,-4.440892098500626e-16,-0.17320508075688773,-0.10000000000000003,-0.1734503824263811,-0.08797474764287472,2.238315549666957
-0.29374998807907104,-0.11874999850988388,1.5707963267948966,0.2617993877991489,-0.17320508075688773,-0.10000000000000003,-0.18299230933189392,-0.07308175973594189,5.522225711785784
-0.29374998807907104,-0.11874999850988388,1.5707963267948966,-0.2617993877991498,-0.17320508075688773,-0.10000000000000003,-0.1791811939328909,-0.09957966022193432,0.30908458626876334
-0.29374998807907104,-0.11874999850988388,1.5707963267948966,0.2617993877991489,-0.14142135623730953,-0.1414213562373095,-0.16169351898133755,-0.09032813552767038,10.392403795362497
-0.29374998807907104,-0.11874999850988388,1.5707963267948966,-4.440892098500626e-16,-0.14142135623730953,-0.1414213562373095,-0.15453576296567917,-0.10801431443542242,6.755158858720936
-0.29374998807907104,-0.11874999850988388,1.5707963267948966,0.5235987755982983,-0.14142135623730953,-0.1414213562373095,-0.17294853925704956,-0.08276607468724251,12.695009429497885
-0.29374998807907104,-0.11874999850988388,1.5707963267948966,0.2617993877991489,-0.10000000000000007,-0.17320508075688767,-0.13091107830405235,-0.1046039880020544,14.35555254390723
-0.29374998807907104,-0.11874999850988388,1.5707963267948966,-4.440892098500626e-16,-0.10000000000000007,-0.17320508075688767,-0.13048571348190308,-0.11853763286489993,11.674226647434486
-0.29374998807907104,-0.11874999850988388,1.5707963267948966,0.5235987755982983,-0.10000000000000007,-0.17320508075688767,-0.14328131638467312,-0.0944538451731205,16.901801818534658
-0.29374998807907104,-0.11874999850988388,1.5707963267948966,0.2617993877991489,-0.051763809020504134,-0.19318516525781368,-0.09465569630265236,-0.10935432324185967,17.56666036339209
-0.29374998807907104,-0.11874999850988388,1.5707963267948966,0.5235987755982983,-0.051763809020504134,-0.19318516525781368,-0.10510691441595554,-0.09714504377916455,20.398270812614467
-0.29374998807907104,-0.11874999850988388,1.5707963267948966,-4.440892098500626e-16,-0.051763809020504134,-0.19318516525781368,-0.09924386814236641,-0.11925386916846037,16.10773789199257
-0.29374998807907104,2.7755575615628914e-17,1.5707963267948966,-0.5235987755982991,-0.051763809020504176,0.19318516525781368,-0.07198408804833889,0.06652852008119226,-25.678011443198447
-0.29374998807907104,2.7755575615628914e-17,1.5707963267948966,-0.2617993877991498,-0.051763809020504176,0.19318516525781368,-0.06398199498653412,0.08704851754009724,-21.919855953811297
-0.29374998807907104,2.7755575615628914e-17,1.5707963267948966,-0.7853981633974485,-0.051763809020504176,0.19318516525781368,-0.08480628952383995,0.06031242851167917,-27.24908117111796
-0.29374998807907104,2.7755575615628914e-17,1.5707963267948966,-0.2617993877991498,-0.09999999999999996,0.17320508075688776,-0.10608527995646,0.07853595342021435,-19.008873410379763
-0.29374998807907104,2.7755575615628914e-17,1.5707963267948966,-0.5235987755982991,-0.09999999999999996,0.17320508075688776,-0.11471628397703171,0.05615663598291576,-23.240509711530304
-0.29374998807907104,2.7755575615628914e-17,1.5707963267948966,-4.440892098500626e-16,-0.09999999999999996,0.17320508075688776,-0.10930291377007961,0.09081957000307739,-17.280810346246803
-0.29374998807907104,2.7755575615628914e-17,1.5707963267948966,-0.2617993877991498,-0.1414213562373095,0.14142135623730953,-0.14137809164822102,0.06079727038741112,-15.994570864475627
-0.29374998807907104,2.7755575615628914e-17,1.5707963267948966,-0.5235987755982991,-0.1414213562373095,0.14142135623730953,-0.15451470762491226,0.03946319269016385,-20.228224752507113
-0.29374998807907104,2.7755575615628914e-17,1.5707963267948966,-4.440892098500626e-16,-0.1414213562373095,0.14142135623730953,-0.14740902371704578,0.07900742907077074,-13.650448396270033
-0.29374998807907104,2.7755575615628914e-17,1.5707963267948966,-0.2617993877991498,-0.17320508075688776,0.1,-0.16850015334784985,0.03671219013631344,-12.605145742383804
-0.29374998807907104,2.7755575615628914e-17,1.5707963267948966,-4.440892098500626e-16,-0.17320508075688776,0.1,-0.1705689486116171,0.0596455205231905,-8.51964961354778
-0.29374998807907104,2.7755575615628914e-17,1.5707963267948966,-0.5235987755982991,-0.17320508075688776,0.1,-0.18495637457817793,0.020893003791570663,-15.641952670798654
-0.29374998807907104,2.7755575615628914e-17,1.5707963267948966,-4.440892098500626e-16,-0.19318516525781365,0.0517638090205042,-0.18438816256821156,0.0310041643679142,-4.196087156206674
-0.29374998807907104,2.7755575615628914e-17,1.5707963267948966,-0.2617993877991498,-0.19318516525781365,0.0517638090205042,-0.19111090898513794,0.009576680138707161,-8.443308002871126
-0.29374998807907104,2.7755575615628914e-17,1.5707963267948966,0.2617993877991489,-0.19318516525781365,0.0517638090205042,-0.19645599834620953,0.04690859839320183,-1.8521077822857461
-0.29374998807907104,2.7755575615628914e-17,1.5707963267948966,-4.440892098500626e-16,-0.2,2.4492935982947062e-17,-0.18847976624965668,0.00016146153211593628,0.09169453489719505
-0.29374998807907104,2.7755575615628914e-17,1.5707963267948966,-0.2617993877991498,-0.2,2.4492935982947062e-17,-0.2003394141793251,-0.0218803808093071,-3.674425867715487
-0.29374998807907104,2.7755575615628914e-17,1.5707963267948966,0.2617993877991489,-0.2,2.4492935982947062e-17,-0.19860358722507954,0.01932162418961525,3.5222474620086626
-0.29374998807907104,2.7755575615628914e-17,1.5707963267948966,-4.440892098500626e-16,-0.19318516525781368,-0.05176380902050416,-0.18238546326756477,-0.03304781951010227,3.9302653365013005
-0.29374998807907104,2.7755575615628914e-17,1.5707963267948966,0.2617993877991489,-0.19318516525781368,-0.05176380902050416,-0.19025803171098232,-0.010244986042380333,8.328721124003089
-0.29374998807907104,2.7755575615628914e-17,1.5707963267948966,-0.2617993877991498,-0.19318516525781368,-0.05176380902050416,-0.19722585752606392,-0.04707590863108635,1.5904136367045252
-0.29374998807907104,2.7755575615628914e-17,1.5707963267948966,0.2617993877991489,-0.17320508075688773,-0.10000000000000003,-0.16794080287218094,-0.038742123171687126,12.101822403931221
-0.29374998807907104,2.7755575615628914e-17,1.5707963267948966,-4.440892098500626e-16,-0.17320508075688773,-0.10000000000000003,-0.17152894288301468,-0.06120583042502403,8.31454881886298
-0.29374998807907104,2.7755575615628914e-17,1.5707963267948966,0.5235987755982983,-0.17320508075688773,-0.10000000000000003,-0.184274029918015,-0.022914430126547813,15.387881193052015
-0.29374998807907104,2.7755575615628914e-17,1.5707963267948966,0.2617993877991489,-0.14142135623730953,-0.1414213562373095,-0.13983366079628468,-0.06300922902300954,15.649396998274153
-0.29374998807907104,2.7755575615628914e-17,1.5707963267948966,0.5235987755982983,-0.14142135623730953,-0.1414213562373095,-0.15577075816690922,-0.04404486808925867,19.839800808863668
-0.29374998807907104,2.7755575615628914e-17,1.5707963267948966,-4.440892098500626e-16,-0.14142135623730953,-0.1414213562373095,-0.1469382531940937,-0.0825304645113647,12.867597439020305
-0.29374998807907104,2.7755575615628914e-17,1.5707963267948966,0.2617993877991489,-0.10000000000000007,-0.17320508075688767,-0.10464504733681679,-0.08004985842853785,18.88958662305184
-0.29374998807907104,2.7755575615628914e-17,1.5707963267948966,0.5235987755982983,-0.10000000000000007,-0.17320508075688767,-0.11647624336183071,-0.06084679439663887,23.00024953997341
-0.29374998807907104,2.7755575615628914e-17,1.5707963267948966,-4.440892098500626e-16,-0.10000000000000007,-0.17320508075688767,-0.11317535676062107,-0.09648577636107802,17.1420062791248
-0.29374998807907104,2.7755575615628914e-17,1.5707963267948966,0.5235987755982983,-0.051763809020504134,-0.19318516525781368,-0.06802857480943203,-0.06770982081070542,25.477587713321096
-0.29374998807907104,2.7755575615628914e-17,1.5707963267948966,0.2617993877991489,-0.051763809020504134,-0.19318516525781368,-0.06256495043635368,-0.08906185161322355,21.786621354057818
-0.29374998807907104,2.7755575615628914e-17,1.5707963267948966,0.7853981633974474,-0.051763809020504134,-0.19318516525781368,-0.0840550847351551,-0.0638275658711791,26.750373700125774
-0.29374998807907104,0.09375,1.5707963267948966,-0.2617993877991498,-0.051763809020504176,0.19318516525781368,-0.08586885035037994,0.10850892635062337,-18.129387610479693
-0.29374998807907104,0.09375,1.5707963267948966,-0.5235987755982991,-0.051763809020504176,0.19318516525781368,-0.09855674207210541,0.09072777349501848,-21.52828155534741
-0.29374998807907104,0.09375,1.5707963267948966,-4.440892098500626e-16,-0.051763809020504176,0.19318516525781368,-0.09062834456562996,0.11911232955753803,-16.141172839043897
-0.29374998807907104,0.09375,1.5707963267948966,-0.2617993877991498,-0.09999999999999996,0.17320508075688776,-0.12277751415967941,0.10183900903211907,-15.072983818375238
-0.29374998807907104,0.09375,1.5707963267948966,-4.440892098500626e-16,-0.09999999999999996,0.17320508075688776,-0.12186124920845032,0.11864928144495934,-11.904066210035579
-0.29374998807907104,0.09375,1.5707963267948966,-0.5235987755982991,-0.09999999999999996,0.17320508075688776,-0.13693534024059772,0.08742467616684735,-18.646897540580866
-0.29374998807907104,0.09375,1.5707963267948966,-0.2617993877991498,-0.1414213562373095,0.14142135623730953,-0.15562902763485909,0.08395852707326412,-11.868911483378584
-0.29374998807907104,0.09375,1.5707963267948966,-4.440892098500626e-16,-0.1414213562373095,0.14142135623730953,-0.1510090809315443,0.10178429028019309,-7.841973432521123
-0.29374998807907104,0.09375,1.5707963267948966,-0.5235987755982991,-0.1414213562373095,0.14142135623730953,-0.1682304199784994,0.07448426447808743,-14.61030188483305
-0.29374998807907104,0.09375,1.5707963267948966,-4.440892098500626e-16,-0.17320508075688776,0.1,-0.16900596767663956,0.08297327533364296,-2.830956484302793
-0.29374998807907104,0.09375,1.5707963267948966,-0.2617993877991498,-0.17320508075688776,0.1,-0.17913813516497612,0.0656824167817831,-7.717972080963191
-0.29374998807907104,0.09375,1.5707963267948966,0.2617993877991489,-0.17320508075688776,0.1,-0.17705868743360043,0.09598389826714993,-0.9750804226326114
-0.29374998807907104,0.09375,1.5707963267948966,-4.440892098500626e-16,-0.19318516525781365,0.0517638090205042,-0.1821974292397499,0.054256584495306015,0.6098914872117608
-0.29374998807907104,0.09375,1.5707963267948966,0.2617993877991489,-0.19318516525781365,0.0517638090205042,-0.18300620652735233,0.07645869813859463,4.706873438885758
-0.29374998807907104,0.09375,1.5707963267948966,-0.2617993877991498,-0.19318516525781365,0.0517638090205042,-0.19051004014909267,0.041311606764793396,-2.949841836159515
-0.29374998807907104,0.09375,1.5707963267948966,-4.440892098500626e-16,-0.2,2.4492935982947062e-17,-0.18448800407350063,0.024891994893550873,4.672016738134211
-0.29374998807907104,0.09375,1.5707963267948966,0.2617993877991489,-0.2,2.4492935982947062e-17,-0.18166637048125267,0.04757670499384403,9.452220820723829
-0.29374998807907104,0.09375,1.5707963267948966,-0.2617993877991498,-0.2,2.4492935982947062e-17,-0.19390345737338066,0.01808423548936844,2.899095673362749
-0.29374998807907104,0.09375,1.5707963267948966,0.2617993877991489,-0.19318516525781368,-0.05176380902050416,-0.1707149464637041,0.016496337950229645,13.093069459255148
-0.29374998807907104,0.09375,1.5707963267948966,-4.440892098500626e-16,-0.19318516525781368,-0.05176380902050416,-0.17684362083673477,-0.003887457773089409,9.589466964941481
-0.29374998807907104,0.09375,1.5707963267948966,0.5235987755982983,-0.19318516525781368,-0.05176380902050416,-0.18113520927727222,0.03184952214360237,15.989790770888188
-0.29374998807907104,0.09375,1.5707963267948966,0.2617993877991489,-0.17320508075688773,-0.10000000000000003,-0.1489357240498066,-0.014544395729899406,16.374688815210163
-0.29374998807907104,0.09375,1.5707963267948966,0.5235987755982983,-0.17320508075688773,-0.10000000000000003,-0.15569332893937826,0.00553008820861578,20.394213979684714
-0.29374998807907104,0.09375,1.5707963267948966,-4.440892098500626e-16,-0.17320508075688773,-0.10000000000000003,-0.1544812899082899,-0.028983527794480324,14.009705669812956
-0.29374998807907104,0.09375,1.5707963267948966,0.2617993877991489,-0.14142135623730953,-0.1414213562373095,-0.11596942692995071,-0.03945870604366064,19.492264679570052
-0.29374998807907104,0.09375,1.5707963267948966,0.5235987755982983,-0.14142135623730953,-0.1414213562373095,-0.12030787207186222,-0.01885195728391409,23.61673747320757
-0.29374998807907104,0.09375,1.5707963267948966,-4.440892098500626e-16,-0.14142135623730953,-0.1414213562373095,-0.12245373614132404,-0.04521811939775944,18.4454678224813
-0.29374998807907104,0.09375,1.5707963267948966,0.5235987755982983,-0.10000000000000007,-0.17320508075688767,-0.07774308510124683,-0.042335532256402075,24.978328056996308
-0.29374998807907104,0.09375,1.5707963267948966,0.2617993877991489,-0.10000000000000007,-0.17320508075688767,-0.07483070157468319,-0.053423099510837346,22.292865685466523
-0.29374998807907104,0.09375,1.5707963267948966,0.7853981633974474,-0.10000000000000007,-0.17320508075688767,-0.08922234177589417,-0.03243855689652264,27.301383577068776
-0.29374998807907104,0.09375,1.5707963267948966,0.5235987755982983,-0.051763809020504134,-0.19318516525781368,-0.03808487206697464,-0.055612034164369106,23.929373852058404
-0.29374998807907104,0.09375,1.5707963267948966,0.2617993877991489,-0.051763809020504134,-0.19318516525781368,-0.03452605381608009,-0.06141697708517313,23.237189374004007
-0.29374998807907104,0.09375,1.5707963267948966,0.7853981633974474,-0.051763809020504134,-0.19318516525781368,-0.04887661710381508,-0.047544922679662704,26.129628814293454
-0.23125000298023224,0.18125000596046448,0.0,-0.5235987755982991,0.19318516525781368,0.05176380902050415,0.05597083084285259,0.05155021883547306,-13.929825941107417
-0.23125000298023224,0.18125000596046448,0.0,-0.2617993877991498,0.19318516525781368,0.05176380902050415,0.05633970536291599,0.05082600191235542,-14.352570019998575
-0.23125000298023224,0.18125000596046448,0.0,-0.7853981633974485,0.19318516525781368,0.05176380902050415,0.05705735832452774,0.05900367256253958,-14.765013799779998
-0.23125000298023224,0.18125000596046448,0.0,-0.5235987755982991,0.17320508075688776,0.1,0.04721371456980705,0.06343766755890101,-20.22732474833377
-0.23125000298023224,0.18125000596046448,0.0,-0.2617993877991498,0.17320508075688776,0.1,0.04813070967793465,0.06449539470486343,-19.574014052325484
-0.23125000298023224,0.18125000596046448,0.0,-0.7853981633974485,0.17320508075688776,0.1,0.0457312036305666,0.07002741401083767,-21.60807878748334
-0.23125000298023224,0.18125000596046448,0.0,-0.5235987755982991,0.14142135623730953,0.1414213562373095,0.028088361024856567,0.07696540141478181,-23.599491594793633
-0.23125000298023224,0.18125000596046448,0.0,-0.2617993877991498,0.14142135623730953,0.1414213562373095,0.03336218371987343,0.07544309785589576,-22.609257497060703
-0.23125000298023224,0.18125000596046448,0.0,-0.7853981633974485,0.14142135623730953,0.1414213562373095,0.022211190313100815,0.07850287016481161,-26.823116054269658
-0.23125000298023224,0.18125000596046448,0.0,-0.5235987755982991,0.10000000000000003,0.17320508075688773,0.002437867224216461,0.08907426707446575,-25.508808954769282
-0.23125000298023224,0.18125000596046448,0.0,-0.2617993877991498,0.10000000000000003,0.17320508075688773,0.008183784782886505,0.08961548376828432,-23.605768024629
-0.23125000298023224,0.18125000596046448,0.0,-0.7853981633974485,0.10000000000000003,0.17320508075688773,-0.005258966237306595,0.0949420053511858,-27.897539887156448
-0.23125000298023224,0.18125000596046448,0.0,-0.5235987755982991,0.05176380902050415,0.19318516525781368,-0.03882334753870964,0.11234508268535137,-24.611778668028556
-0.23125000298023224,0.18125000596046448,0.0,-0.2617993877991498,0.05176380902050415,0.19318516525781368,-0.02939809486269951,0.11337725818157196,-21.967872069355366
-0.23125000298023224,0.18125000596046448,0.0,-0.7853981633974485,0.05176380902050415,0.19318516525781368,-0.04586336016654968,0.11808949336409569,-26.625447478465148
-0.23125000298023224,0.18125000596046448,0.0,-0.2617993877991498,1.2246467991473531e-17,0.2,-0.06977847963571548,0.1270657256245613,-19.278480627333956
-0.23125000298023224,0.18125000596046448,0.0,-0.5235987755982991,1.2246467991473531e-17,0.2,-0.0790904089808464,0.12838487699627876,-21.77665475145861
-0.23125000298023224,0.18125000596046448,0.0,-4.440892098500626e-16,1.2246467991473531e-17,0.2,-0.06452499330043793,0.13481021858751774,-17.54121856859426
-0.23125000298023224,0.18125000596046448,0.0,-0.2617993877991498,-0.051763809020504176,0.19318516525781368,-0.10406787320971489,0.1369514474645257,-15.206215855057433
-0.23125000298023224,0.18125000596046448,0.0,-0.5235987755982991,-0.051763809020504176,0.19318516525781368,-0.11427978612482548,0.13586981128901243,-18.158061050070486
-0.23125000298023224,0.18125000596046448,0.0,-4.440892098500626e-16,-0.051763809020504176,0.19318516525781368,-0.09692041575908661,0.1425604410469532,-13.260087451414071
-0.23125000298023224,0.18125000596046448,0.0,-0.2617993877991498,-0.09999999999999996,0.17320508075688776,-0.13619869574904442,0.13258091639727354,-10.904044256180528
-0.23125000298023224,0.18125000596046448,0.0,-4.440892098500626e-16,-0.09999999999999996,0.17320508075688776,-0.1272415593266487,0.13908237661235034,-8.044821214803427
-0.23125000298023224,0.18125000596046448,0.0,-0.5235987755982991,-0.09999999999999996,0.17320508075688776,-0.14566361531615257,0.13496736576780677,-13.647342314480527
-0.23125000298023224,0.18125000596046448,0.0,-4.440892098500626e-16,-0.1414213562373095,0.14142135623730953,-0.14924728125333786,0.12566602136939764,-3.168916526773051
-0.23125000298023224,0.18125000596046448,0.0,-0.2617993877991498,-0.1414213562373095,0.14142135623730953,-0.16161848045885563,0.12021576426923275,-6.2147662241111705
-0.23125000298023224,0.18125000596046448,0.0,0.2617993877991489,-0.1414213562373095,0.14142135623730953,-0.14598899707198143,0.13438979303464293,-1.4246850522564494
-0.23125000298023224,0.18125000596046448,0.0,-4.440892098500626e-16,-0.17320508075688776,0.1,-0.16985563188791275,0.10466649010777473,1.465655194622021
-0.23125000298023224,0.18125000596046448,0.0,0.2617993877991489,-0.17320508075688776,0.1,-0.15896581299602985,0.11556463316082954,4.373586400671619
-0.23125000298023224,0.18125000596046448,0.0,-0.2617993877991498,-0.17320508075688776,0.1,-0.17763448506593704,0.10630745440721512,-0.9980202203249804
-0.23125000298023224,0.18125000596046448,0.0,0.2617993877991489,-0.19318516525781365,0.0517638090205042,-0.16619628481566906,0.0894216625019908,9.707451447110598
-0.23125000298023224,0.18125000596046448,0.0,-4.440892098500626e-16,-0.19318516525781365,0.0517638090205042,-0.17681264132261276,0.0815153494477272,6.541710409044626
-0.23125000298023224,0.18125000596046448,0.0,0.5235987755982983,-0.19318516525781365,0.0517638090205042,-0.16479958221316338,0.09823305811733007,11.119349699874181
0.0,0.18125000596046448,0.0,-0.5235987755982991,0.19318516525781368,0.05176380902050415,0.09885995462536812,0.07989870384335518,-26.793627474233173
0.0,0.18125000596046448,0.0,-0.2617993877991498,0.19318516525781368,0.05176380902050415,0.10660259798169136,0.07106644986197352,-23.739838508116513
0.0,0.18125000596046448,0.0,-0.7853981633974485,0.19318516525781368,0.05176380902050415,0.09497553762048483,0.09433970600366592,-30.876601480144686
0.0,0.18125000596046448,0.0,-0.5235987755982991,0.17320508075688776,0.1,0.09016691148281097,0.10954978503286839,-27.13282120912574
0.0,0.18125000596046448,0.0,-0.2617993877991498,0.17320508075688776,0.1,0.09699276648461819,0.09729053359478712,-22.966026362487806
0.0,0.18125000596046448,0.0,-0.7853981633974485,0.17320508075688776,0.1,0.07946160808205605,0.12434548512101173,-31.859054952039266
0.0,0.18125000596046448,0.0,-0.2617993877991498,0.14142135623730953,0.1414213562373095,0.08208191767334938,0.1407285425812006,-19.139388930993224
0.0,0.18125000596046448,0.0,-0.5235987755982991,0.14142135623730953,0.1414213562373095,0.06273169256746769,0.15124922059476376,-25.588510873381022
0.0,0.18125000596046448,0.0,-4.440892098500626e-16,0.14142135623730953,0.1414213562373095,0.09126992151141167,0.13131875358521938,-14.262494273079659
0.0,0.18125000596046448,0.0,-0.2617993877991498,0.10000000000000003,0.17320508075688773,0.053294360637664795,0.1656588725745678,-14.611026643957835
0.0,0.18125000596046448,0.0,-4.440892098500626e-16,0.10000000000000003,0.17320508075688773,0.07338166236877441,0.1669116225093603,-8.50522392577428
0.0,0.18125000596046448,0.0,-0.5235987755982991,0.10000000000000003,0.17320508075688773,0.03509880602359772,0.18118656054139137,-21.394266514518232
0.0,0.18125000596046448,0.0,-0.2617993877991498,0.05176380902050415,0.19318516525781368,0.012224260717630386,0.17703705467283726,-12.285374397518755
0.0,0.18125000596046448,0.0,-4.440892098500626e-16,0.05176380902050415,0.19318516525781368,0.03546464815735817,0.17604846460744739,-4.698528577673782
0.0,0.18125000596046448,0.0,-0.5235987755982991,0.05176380902050415,0.19318516525781368,0.002325214445590973,0.18751915637403727,-15.50658328636116
0.0,0.18125000596046448,0.0,-4.440892098500626e-16,1.2246467991473531e-17,0.2,-0.0022236332297325134,0.18611041852273047,-0.4073181260037485
0.0,0.18125000596046448,0.0,-0.2617993877991498,1.2246467991473531e-17,0.2,-0.02192177250981331,0.1945259291678667,-6.9073344095590015
0.0,0.18125000596046448,0.0,0.2617993877991489,1.2246467991473531e-17,0.2,0.014087159186601639,0.18144845170900226,5.011734514509616
0.0,0.18125000596046448,0.0,-4.440892098500626e-16,-0.051763809020504176,0.19318516525781368,-0.0455939918756485,0.17579473764635623,2.0869016539270326
0.0,0.18125000596046448,0.0,0.2617993877991489,-0.051763809020504176,0.19318516525781368,-0.020026788115501404,0.17383477743715048,10.065585644829241
0.0,0.18125000596046448,0.0,-0.2617993877991498,-0.051763809020504176,0.19318516525781368,-0.05153524875640869,0.17758379971201066,0.11148129063809438
0.0,0.18125000596046448,0.0,0.2617993877991489,-0.09999999999999996,0.17320508075688776,-0.05776063725352287,0.1659387443214655,13.710356100859073
0.0,0.18125000596046448,0.0,-4.440892098500626e-16,-0.09999999999999996,0.17320508075688776,-0.07808208465576172,0.16362223075702786,7.240730406205576
0.0,0.18125000596046448,0.0,0.5235987755982983,-0.09999999999999996,0.17320508075688776,-0.041490137577056885,0.17900940775871277,19.83363490668017
0.0,0.18125000596046448,0.0,0.2617993877991489,-0.1414213562373095,0.14142135623730953,-0.08762037009000778,0.1388093065470457,17.623347905800113
0.0,0.18125000596046448,0.0,0.5235987755982983,-0.1414213562373095,0.14142135623730953,-0.06882406212389469,0.14760161004960537,24.090208830859424
0.0,0.18125000596046448,0.0,-4.440892098500626e-16,-0.1414213562373095,0.14142135623730953,-0.10034216940402985,0.1471724957227707,14.615302534752455
0.0,0.18125000596046448,0.0,0.5235987755982983,-0.17320508075688776,0.1,-0.09147097542881966,0.10461570881307125,26.33846033969185
0.0,0.18125000596046448,0.0,0.2617993877991489,-0.17320508075688776,0.1,-0.10274866782128811,0.09335979260504246,21.43085807430554
0.0,0.18125000596046448,0.0,0.7853981633974474,-0.17320508075688776,0.1,-0.08179831132292747,0.12458042800426483,31.296879074262193
0.0,0.18125000596046448,0.0,0.5235987755982983,-0.19318516525781365,0.0517638090205042,-0.10314108245074749,0.06990536442026496,25.80111789685227
0.0,0.18125000596046448,0.0,0.2617993877991489,-0.19318516525781365,0.0517638090205042,-0.10988800600171089,0.06375997792929411,23.719019629752683
0.0,0.18125000596046448,0.0,0.7853981633974474,-0.19318516525781365,0.0517638090205042,-0.09612817782908678,0.09090731665492058,30.563122227477958
0.20624999701976776,0.18125000596046448,0.0,-0.2617993877991498,0.19318516525781368,0.05176380902050415,0.16043269261717796,0.08706042729318142,-11.183803336361258
0.20624999701976776,0.18125000596046448,0.0,-4.440892098500626e-16,0.19318516525781368,0.05176380902050415,0.17419273033738136,0.07903722301125526,-7.459152646144764
0.20624999701976776,0.18125000596046448,0.0,-0.5235987755982991,0.19318516525781368,0.05176380902050415,0.15800889767706394,0.1031120217521675,-13.45248036898673
0.20624999701976776,0.18125000596046448,0.0,-4.440892098500626e-16,0.17320508075688776,0.1,0.16327730379998684,0.10368414595723152,-2.5395681013132907
0.20624999701976776,0.18125000596046448,0.0,-0.2617993877991498,0.17320508075688776,0.1,0.15227501094341278,0.11821104027330875,-6.1323758583552355
0.20624999701976776,0.18125000596046448,0.0,0.2617993877991489,0.17320508075688776,0.1,0.17636016383767128,0.10526157356798649,0.5612174272555692
0.20624999701976776,0.18125000596046448,0.0,-4.440892098500626e-16,0.14142135623730953,0.1414213562373095,0.14623741433024406,0.12517944630235434,2.028208885399372
0.20624999701976776,0.18125000596046448,0.0,0.2617993877991489,0.14142135623730953,0.1414213562373095,0.15991133823990822,0.12245817529037595,5.911517192508432
0.20624999701976776,0.18125000596046448,0.0,-0.2617993877991498,0.14142135623730953,0.1414213562373095,0.1350613385438919,0.14136800076812506,-0.6480061972361475
0.20624999701976776,0.18125000596046448,0.0,0.2617993877991489,0.10000000000000003,0.17320508075688773,0.13614757545292377,0.13346667308360338,10.630340154124028
0.20624999701976776,0.18125000596046448,0.0,-4.440892098500626e-16,0.10000000000000003,0.17320508075688773,0.12292071431875229,0.14033359580207616,6.599354203021595
0.20624999701976776,0.18125000596046448,0.0,0.5235987755982983,0.10000000000000003,0.17320508075688773,0.14438877999782562,0.13868816941976547,13.199275449951303
0.20624999701976776,0.18125000596046448,0.0,0.2617993877991489,0.05176380902050415,0.19318516525781368,0.1016661748290062,0.13819883204996586,14.882091293751591
0.20624999701976776,0.18125000596046448,0.0,-4.440892098500626e-16,0.05176380902050415,0.19318516525781368,0.08892019838094711,0.14984025247395039,11.87120970739762
0.20624999701976776,0.18125000596046448,0.0,0.5235987755982983,0.05176380902050415,0.19318516525781368,0.11371108889579773,0.14018997736275196,18.432380060646775
0.20624999701976776,0.18125000596046448,0.0,0.2617993877991489,1.2246467991473531e-17,0.2,0.0631888285279274,0.13492829259485006,18.025586570063382
0.20624999701976776,0.18125000596046448,0.0,0.5235987755982983,1.2246467991473531e-17,0.2,0.07804767414927483,0.13348714634776115,22.283689954179184
0.20624999701976776,0.18125000596046448,0.0,-4.440892098500626e-16,1.2246467991473531e-17,0.2,0.05834658443927765,0.14151356928050518,16.35631099855068
0.20624999701976776,0.18125000596046448,0.0,0.5235987755982983,-0.051763809020504176,0.19318516525781368,0.039507731795310974,0.11539416946470737,24.369946431456174
0.20624999701976776,0.18125000596046448,0.0,0.2617993877991489,-0.051763809020504176,0.19318516525781368,0.025170721113681793,0.11865264549851418,21.49799996303566
0.20624999701976776,0.18125000596046448,0.0,0.7853981633974474,-0.051763809020504176,0.19318516525781368,0.04709078371524811,0.12347196973860264,27.030055995309784
0.20624999701976776,0.18125000596046448,0.0,0.5235987755982983,-0.09999999999999996,0.17320508075688776,-0.003576524555683136,0.09398609586060047,26.427565814384515
0.20624999701976776,0.18125000596046448,0.0,0.2617993877991489,-0.09999999999999996,0.17320508075688776,-0.013771340250968933,0.0964754968881607,24.037944214210476
0.20624999701976776,0.18125000596046448,0.0,0.7853981633974474,-0.09999999999999996,0.17320508075688776,0.006187599152326584,0.09982293844223022,28.384087768820162
0.20624999701976776,0.18125000596046448,0.0,0.5235987755982983,-0.1414213562373095,0.14142135623730953,-0.030656937509775162,0.07839035522192717,24.095058880978648
0.20624999701976776,0.18125000596046448,0.0,0.2617993877991489,-0.1414213562373095,0.14142135623730953,-0.03872111439704895,0.08126864396035671,22.47761823316447
0.20624999701976776,0.18125000596046448,0.0,0.7853981633974474,-0.1414213562373095,0.14142135623730953,-0.026983074843883514,0.08217075653374195,26.702843669546976
0.20624999701976776,0.18125000596046448,0.0,0.5235987755982983,-0.17320508075688776,0.1,-0.05367616377770901,0.0649106684140861,21.716300754665966
0.20624999701976776,0.18125000596046448,0.0,0.2617993877991489,-0.17320508075688776,0.1,-0.05587106756865978,0.06704406975768507,20.296381491251275
0.20624999701976776,0.18125000596046448,0.0,0.7853981633974474,-0.17320508075688776,0.1,-0.04683862812817097,0.06955974223092198,23.467978210950125
0.20624999701976776,0.18125000596046448,0.0,0.5235987755982983,-0.19318516525781365,0.0517638090205042,-0.06157347746193409,0.05091473739594221,16.78383157776263
0.20624999701976776,0.18125000596046448,0.0,0.2617993877991489,-0.19318516525781365,0.0517638090205042,-0.059958698228001595,0.04784443764947355,16.91700003996555
0.20624999701976776,0.18125000596046448,0.0,0.7853981633974474,-0.19318516525781365,0.0517638090205042,-0.06021968647837639,0.05392908025532961,18.475758099782883
0.29374998807907104,-0.11874999850988388,1.5707963267948966,0.2617993877991489,0.2,0.0,0.1813321467489004,-0.051585350185632706,9.834566564548007
0.29374998807907104,-0.11874999850988388,1.5707963267948966,-4.440892098500626e-16,0.2,0.0,0.18643727153539658,-0.03509748727083206,6.487685162378387
0.29374998807907104,-0.11874999850988388,1.5707963267948966,0.5235987755982983,0.2,0.0,0.1891046091914177,-0.061741252429783344,11.750689957227479
0.29374998807907104,-0.11874999850988388,1.5707963267948966,0.2617993877991489,0.19318516525781368,0.05176380902050415,0.1683516800403595,-0.021535923704504967,13.733279643414166
0.29374998807907104,-0.11874999850988388,1.5707963267948966,-4.440892098500626e-16,0.19318516525781368,0.05176380902050415,0.17375239171087742,-0.00723542645573616,10.841082307248517
0.29374998807907104,-0.11874999850988388,1.5707963267948966,0.5235987755982983,0.19318516525781368,0.05176380902050415,0.1740469429641962,-0.03666217718273401,16.69756247217467
0.29374998807907104,-0.11874999850988388,1.5707963267948966,0.2617993877991489,0.17320508075688776,0.1,0.1450379267334938,0.0072790756821632385,17.222931240543865
0.29374998807907104,-0.11874999850988388,1.5707963267948966,0.5235987755982983,0.17320508075688776,0.1,0.14893346093595028,-0.01055093389004469,20.68142278018731
0.29374998807907104,-0.11874999850988388,1.5707963267948966,-4.440892098500626e-16,0.17320508075688776,0.1,0.1497320495545864,0.013477116823196411,15.59245212875715
0.29374998807907104,-0.11874999850988388,1.5707963267948966,0.2617993877991489,0.14142135623730953,0.1414213562373095,0.11174054257571697,0.03235366567969322,19.9753912031263
0.29374998807907104,-0.11874999850988388,1.5707963267948966,0.5235987755982983,0.14142135623730953,0.1414213562373095,0.11429989151656628,0.015154425986111164,23.320459401039354
0.29374998807907104,-0.11874999850988388,1.5707963267948966,-4.440892098500626e-16,0.14142135623730953,0.1414213562373095,0.11790667846798897,0.035008130595088005,19.20628330498382
0.29374998807907104,-0.11874999850988388,1.5707963267948966,0.5235987755982983,0.10000000000000003,0.17320508075688773,0.07203797623515129,0.03997188218636438,24.128972216755024
0.29374998807907104,-0.11874999850988388,1.5707963267948966,0.2617993877991489,0.10000000000000003,0.17320508075688773,0.06983330845832825,0.04935803194530308,22.473090343125378
0.29374998807907104,-0.11874999850988388,1.5707963267948966,0.7853981633974474,0.10000000000000003,0.17320508075688773,0.08147014677524567,0.033849991392344236,26.386463548274456
0.29374998807907104,-0.11874999850988388,1.5707963267948966,0.5235987755982983,0.05176380902050415,0.19318516525781368,0.03956996649503708,0.05538260564208031,21.331949132981002
0.29374998807907104,-0.11874999850988388,1.5707963267948966,0.2617993877991489,0.05176380902050415,0.19318516525781368,0.032116565853357315,0.05943375127390027,22.085959819486096
0.29374998807907104,-0.11874999850988388,1.5707963267948966,0.7853981633974474,0.05176380902050415,0.19318516525781368,0.04731353372335434,0.048805727157741785,23.700868122721243
0.29374998807907104,-0.11874999850988388,1.5707963267948966,-0.2617993877991498,0.05176380902050407,-0.1931851652578137,0.09603504836559296,-0.10842156922444701,-17.808332047758697
0.29374998807907104,-0.11874999850988388,1.5707963267948966,-0.5235987755982991,0.05176380902050407,-0.1931851652578137,0.10530274733901024,-0.09892565943300724,-20.50411815347745
0.29374998807907104,-0.11874999850988388,1.5707963267948966,-4.440892098500626e-16,0.05176380902050407,-0.1931851652578137,0.0978388674557209,-0.11924451217055321,-16.227978253837723
0.29374998807907104,-0.11874999850988388,1.5707963267948966,-0.2617993877991498,0.10000000000000003,-0.17320508075688773,0.13217400945723057,-0.10295350314117968,-14.531365184782224
0.29374998807907104,-0.11874999850988388,1.5707963267948966,-4.440892098500626e-16,0.10000000000000003,-0.17320508075688773,0.1280251331627369,-0.11947791883721948,-11.507463384762152
0.29374998807907104,-0.11874999850988388,1.5707963267948966,-0.5235987755982991,0.10000000000000003,-0.17320508075688773,0.14271285198628902,-0.09463194326963276,-16.77780426205224
0.29374998807907104,-0.11874999850988388,1.5707963267948966,-0.2617993877991498,0.14142135623730948,-0.14142135623730953,0.16131940856575966,-0.09022315591573715,-10.401670185776883
0.29374998807907104,-0.11874999850988388,1.5707963267948966,-4.440892098500626e-16,0.14142135623730948,-0.14142135623730953,0.15412317402660847,-0.10874092392623425,-6.756017920574478
0.29374998807907104,-0.11874999850988388,1.5707963267948966,-0.5235987755982991,0.14142135623730948,-0.14142135623730953,0.17138241045176983,-0.0851943539455533,-12.416091792162188
0.29374998807907104,-0.11874999850988388,1.5707963267948966,-4.440892098500626e-16,0.17320508075688767,-0.10000000000000007,0.17267067171633244,-0.08812004141509533,-2.472308447402588
0.29374998807907104,-0.11874999850988388,1.5707963267948966,-0.2617993877991498,0.17320508075688767,-0.10000000000000007,0.18326741456985474,-0.07296446897089481,-5.783147926631572
0.29374998807907104,-0.11874999850988388,1.5707963267948966,0.2617993877991489,0.17320508075688767,-0.10000000000000007,0.1782993357628584,-0.10002191923558712,-0.20364717233195367
0.29374998807907104,-0.11874999850988388,1.5707963267948966,-4.440892098500626e-16,0.19318516525781368,-0.05176380902050414,0.18541227094829082,-0.05964325740933418,1.7432754021440902
0.29374998807907104,-0.11874999850988388,1.5707963267948966,0.2617993877991489,0.19318516525781368,-0.05176380902050414,0.1852240301668644,-0.07856806553900242,5.0466788221774905
0.29374998807907104,-0.11874999850988388,1.5707963267948966,-0.2617993877991498,0.19318516525781368,-0.05176380902050414,0.1937017235904932,-0.05256289429962635,-0.26464516364865986
0.29374998807907104,2.7755575615628914e-17,1.5707963267948966,-4.440892098500626e-16,0.2,0.0,0.18880443833768368,0.0006919726729393005,-0.26805683851752116
0.29374998807907104,2.7755575615628914e-17,1.5707963267948966,0.2617993877991489,0.2,0.0,0.1990335714071989,-0.022028230130672455,3.6567522680532636
0.29374998807907104,2.7755575615628914e-17,1.5707963267948966,-0.2617993877991498,0.2,0.0,0.201041417196393,0.01906447857618332,-3.513055496090389
0.29374998807907104,2.7755575615628914e-17,1.5707963267948966,-4.440892098500626e-16,0.19318516525781368,0.05176380902050415,0.18487200513482094,0.03289269842207432,4.070553376925123
0.29374998807907104,2.7755575615628914e-17,1.5707963267948966,0.2617993877991489,0.19318516525781368,0.05176380902050415,0.18975835293531418,0.009302273392677307,8.319212083296648
0.29374998807907104,2.7755575615628914e-17,1.5707963267948966,-0.2617993877991498,0.19318516525781368,0.05176380902050415,0.20050678588449955,0.04494045674800873,2.3381461410092053
0.29374998807907104,2.7755575615628914e-17,1.5707963267948966,0.2617993877991489,0.17320508075688776,0.1,0.1690233163535595,0.03750423900783062,12.444241855382373
0.29374998807907104,2.7755575615628914e-17,1.5707963267948966,-4.440892098500626e-16,0.17320508075688776,0.1,0.17121435701847076,0.06060625799000263,8.217485568810067
0.29374998807907104,2.7755575615628914e-17,1.5707963267948966,0.5235987755982983,0.17320508075688776,0.1,0.18589914869517088,0.02138386480510235,15.30719112986537
0.29374998807907104,2.7755575615628914e-17,1.5707963267948966,0.2617993877991489,0.14142135623730953,0.1414213562373095,0.1412810105830431,0.06210482772439718,15.664038475942029
0.29374998807907104,2.7755575615628914e-17,1.5707963267948966,0.5235987755982983,0.14142135623730953,0.1414213562373095,0.15556219220161438,0.042942365631461143,19.83035015261991
0.29374998807907104,2.7755575615628914e-17,1.5707963267948966,-4.440892098500626e-16,0.14142135623730953,0.1414213562373095,0.1479094699025154,0.08074694685637951,12.939698844492758
0.29374998807907104,2.7755575615628914e-17,1.5707963267948966,0.2617993877991489,0.10000000000000003,0.17320508075688773,0.10479412600398064,0.08023644192144275,18.704879535426105
0.29374998807907104,2.7755575615628914e-17,1.5707963267948966,0.5235987755982983,0.10000000000000003,0.17320508075688773,0.1160766463726759,0.05884988186880946,23.155352291603084
0.29374998807907104,2.7755575615628914e-17,1.5707963267948966,-4.440892098500626e-16,0.10000000000000003,0.17320508075688773,0.11402099020779133,0.09192022797651589,17.62059526557894
0.29374998807907104,2.7755575615628914e-17,1.5707963267948966,0.5235987755982983,0.05176380902050415,0.19318516525781368,0.06877540424466133,0.06989214429631829,25.061409694283327
0.29374998807907104,2.7755575615628914e-17,1.5707963267948966,0.2617993877991489,0.05176380902050415,0.19318516525781368,0.06298615038394928,0.08820881601423025,21.467087103198892
0.29374998807907104,2.7755575615628914e-17,1.5707963267948966,0.7853981633974474,0.05176380902050415,0.19318516525781368,0.08364433236420155,0.062137230299413204,26.749155156531113
0.29374998807907104,2.7755575615628914e-17,1.5707963267948966,-0.5235987755982991,0.05176380902050407,-0.1931851652578137,0.07013957761228085,-0.0674120020121336,-25.77716079799999
0.29374998807907104,2.7755575615628914e-17,1.5707963267948966,-0.2617993877991498,0.05176380902050407,-0.1931851652578137,0.06535350158810616,-0.08623112551867962,-22.25791727074176
0.29374998807907104,2.7755575615628914e-17,1.5707963267948966,-0.7853981633974485,0.05176380902050407,-0.1931851652578137,0.08523586578667164,-0.0601551728323102,-27.540326409489865
0.29374998807907104,2.7755575615628914e-17,1.5707963267948966,-0.2617993877991498,0.10000000000000003,-0.17320508075688773,0.10723433457314968,-0.0782901510829106,-19.418306059200322
0.29374998807907104,2.7755575615628914e-17,1.5707963267948966,-0.5235987755982991,0.10000000000000003,-0.17320508075688773,0.11626835912466049,-0.05854252469725907,-23.3715320563342
0.29374998807907104,2.7755575615628914e-17,1.5707963267948966,-4.440892098500626e-16,0.10000000000000003,-0.17320508075688773,0.11541998572647572,-0.09251252887770534,-18.09138463786332
0.29374998807907104,2.7755575615628914e-17,1.5707963267948966,-0.2617993877991498,0.14142135623730948,-0.14142135623730953,0.14234027452766895,-0.06111768493428826,-16.226973213392693
0.29374998807907104,2.7755575615628914e-17,1.5707963267948966,-0.5235987755982991,0.14142135623730948,-0.14142135623730953,0.1558260517194867,-0.04350393498316407,-20.13448649770122
0.29374998807907104,2.7755575615628914e-17,1.5707963267948966,-4.440892098500626e-16,0.14142135623730948,-0.14142135623730953,0.1491976212710142,-0.07917132414877415,-13.772031828897864
0.29374998807907104,2.7755575615628914e-17,1.5707963267948966,-0.2617993877991498,0.17320508075688767,-0.10000000000000007,0.1689237281680107,-0.036686213687062263,-12.714484403162679
0.29374998807907104,2.7755575615628914e-17,1.5707963267948966,-4.440892098500626e-16,0.17320508075688767,-0.10000000000000007,0.17191987484693527,-0.058718906715512276,-8.91634237582468
0.29374998807907104,2.7755575615628914e-17,1.5707963267948966,-0.5235987755982991,0.17320508075688767,-0.10000000000000007,0.18558788113296032,-0.021574169397354126,-15.747055214401708
0.29374998807907104,2.7755575615628914e-17,1.5707963267948966,-4.440892098500626e-16,0.19318516525781368,-0.05176380902050414,0.1844815220683813,-0.031810861080884933,-4.285652373894945
0.29374998807907104,2.7755575615628914e-17,1.5707963267948966,-0.2617993877991498,0.19318516525781368,-0.05176380902050414,0.19072329811751842,-0.008937753736972809,-8.36460050875231
0.29374998807907104,2.7755575615628914e-17,1.5707963267948966,0.2617993877991489,0.19318516525781368,-0.05176380902050414,0.19838273525238037,-0.04791131615638733,-2.2924129928926855
0.29374998807907104,0.08749999850988388,1.5707963267948966,-4.440892098500626e-16,0.2,0.0,0.18643138371407986,0.021247051656246185,-4.412718228923374
0.29374998807907104,0.08749999850988388,1.5707963267948966,-0.2617993877991498,0.2,0.0,0.18508098646998405,0.04289029352366924,-8.426729123990839
0.29374998807907104,0.08749999850988388,1.5707963267948966,0.2617993877991489,0.2,0.0,0.1983286738395691,0.012053024023771286,-2.6616833891935148
0.29374998807907104,0.08749999850988388,1.5707963267948966,-4.440892098500626e-16,0.19318516525781368,0.05176380902050415,0.18225125782191753,0.05310368910431862,-0.045708613880329006
0.29374998807907104,0.08749999850988388,1.5707963267948966,-0.2617993877991498,0.19318516525781368,0.05176380902050415,0.18819811567664146,0.07127992808818817,-3.8658081565212634
0.29374998807907104,0.08749999850988388,1.5707963267948966,0.2617993877991489,0.19318516525781368,0.05176380902050415,0.19401282630860806,0.036527156829833984,3.3075231740832685
0.29374998807907104,0.08749999850988388,1.5707963267948966,-4.440892098500626e-16,0.17320508075688776,0.1,0.17003504373133183,0.0811914000660181,3.729000421906335
0.29374998807907104,0.08749999850988388,1.5707963267948966,0.2617993877991489,0.17320508075688776,0.1,0.18229408748447895,0.06115918233990669,7.725957027470445
0.29374998807907104,0.08749999850988388,1.5707963267948966,-0.2617993877991498,0.17320508075688776,0.1,0.18004153855144978,0.09343186393380165,1.8083126336514797
0.29374998807907104,0.08749999850988388,1.5707963267948966,0.2617993877991489,0.14142135623730953,0.1414213562373095,0.15494300238788128,0.08284159004688263,11.91999459162366
0.29374998807907104,0.08749999850988388,1.5707963267948966,-4.440892098500626e-16,0.14142135623730953,0.1414213562373095,0.15269847586750984,0.10162077471613884,8.278606938348204
0.29374998807907104,0.08749999850988388,1.5707963267948966,0.5235987755982983,0.14142135623730953,0.1414213562373095,0.17238278407603502,0.06890112115070224,14.79863471639711
0.29374998807907104,0.08749999850988388,1.5707963267948966,0.2617993877991489,0.10000000000000003,0.17320508075688773,0.12229352630674839,0.09967415197752416,15.6436048201836
0.29374998807907104,0.08749999850988388,1.5707963267948966,0.5235987755982983,0.10000000000000003,0.17320508075688773,0.13802015222609043,0.08425013977102935,18.657633130753236
0.29374998807907104,0.08749999850988388,1.5707963267948966,-4.440892098500626e-16,0.10000000000000003,0.17320508075688773,0.12452507205307484,0.11524282931350172,12.994937972632805
0.29374998807907104,0.08749999850988388,1.5707963267948966,0.2617993877991489,0.05176380902050415,0.19318516525781368,0.08517796918749809,0.10463136341422796,18.77331320197487
0.29374998807907104,0.08749999850988388,1.5707963267948966,0.5235987755982983,0.05176380902050415,0.19318516525781368,0.09852232784032822,0.09088293369859457,22.288993529466453
0.29374998807907104,0.08749999850988388,1.5707963267948966,-4.440892098500626e-16,0.05176380902050415,0.19318516525781368,0.09332852810621262,0.11485377326607704,17.443146209159185
0.29374998807907104,0.08749999850988388,1.5707963267948966,-0.5235987755982991,0.05176380902050407,-0.1931851652578137,0.04194563254714012,-0.057935179211199284,-23.911849436034075
0.29374998807907104,0.08749999850988388,1.5707963267948966,-0.2617993877991498,0.05176380902050407,-0.1931851652578137,0.03810298442840576,-0.06952511379495263,-23.00026548140747
0.29374998807907104,0.08749999850988388,1.5707963267948966,-0.7853981633974485,0.05176380902050407,-0.1931851652578137,0.05048494040966034,-0.047945781610906124,-26.465401943987242
0.29374998807907104,0.08749999850988388,1.5707963267948966,-0.5235987755982991,0.10000000000000003,-0.17320508075688773,0.08136185258626938,-0.0405320298159495,-25.343560577636506
0.29374998807907104,0.08749999850988388,1.5707963267948966,-0.2617993877991498,0.10000000000000003,-0.17320508075688773,0.07887241058051586,-0.05946801899699494,-21.791748459933196
0.29374998807907104,0.08749999850988388,1.5707963267948966,-0.7853981633974485,0.10000000000000003,-0.17320508075688773,0.09003807231783867,-0.031295377761125565,-28.050471167356594
0.29374998807907104,0.08749999850988388,1.5707963267948966,-0.2617993877991498,0.14142135623730948,-0.14142135623730953,0.11517955176532269,-0.04170043859630823,-18.39425292020055
0.29374998807907104,0.08749999850988388,1.5707963267948966,-0.5235987755982991,0.14142135623730948,-0.14142135623730953,0.12422018125653267,-0.02408866072073579,-22.7943973075618
0.29374998807907104,0.08749999850988388,1.5707963267948966,-4.440892098500626e-16,0.14142135623730948,-0.14142135623730953,0.12362441420555115,-0.04745934717357159,-17.09739984967011
0.29374998807907104,0.08749999850988388,1.5707963267948966,-0.2617993877991498,0.17320508075688767,-0.10000000000000007,0.1494989674538374,-0.015401318669319153,-16.306588104015052
0.29374998807907104,0.08749999850988388,1.5707963267948966,-0.5235987755982991,0.17320508075688767,-0.10000000000000007,0.15729429107159376,0.0017288941890001297,-19.940256121914942
0.29374998807907104,0.08749999850988388,1.5707963267948966,-4.440892098500626e-16,0.17320508075688767,-0.10000000000000007,0.15655661933124065,-0.03231247887015343,-13.055547559973412
0.29374998807907104,0.08749999850988388,1.5707963267948966,-0.2617993877991498,0.19318516525781368,-0.05176380902050414,0.1701909676194191,0.015329238027334213,-13.074693934909721
0.29374998807907104,0.08749999850988388,1.5707963267948966,-4.440892098500626e-16,0.19318516525781368,-0.05176380902050414,0.17680236510932446,-0.004685614258050919,-8.681606824331103
0.29374998807907104,0.08749999850988388,1.5707963267948966,-0.5235987755982991,0.19318516525781368,-0.05176380902050414,0.1793384999036789,0.028484635055065155,-16.08255214737814
